user_id,username,email,password,country,age,gender,subscription_type,watch_time,favorite_genre,registration_date,last_login,phone,status,profile_picture
1,user0001,user0001@hotmail.com,hashed_223176,India,62,M,Free,1984,Comedy,2020-08-25 01:44:18,2024-04-26 00:29:15,+54604679018,Active,https://cdn.cinescope.io/avatars/1.jpg
2,user0002,user0002@hotmail.com,hashed_743368,Spain,29,Other,Premium,490,Thriller,2023-01-09 07:32:06,2024-08-20 19:56:47,+85554348034,Banned,https://cdn.cinescope.io/avatars/2.jpg
3,user0003,user0003@proton.com,hashed_589806,USA,46,M,Free,1569,Action,2018-09-14 09:15:08,2023-02-27 08:59:22,+34533730818,Banned,https://cdn.cinescope.io/avatars/3.jpg
4,user0004,user0004@outlook.com,hashed_485041,Canada,65,F,Free,176,Thriller,2020-04-25 14:17:12,2023-06-13 21:30:18,+13647720594,Active,https://cdn.cinescope.io/avatars/4.jpg
5,user0005,user0005@hotmail.com,hashed_262357,Germany,65,F,Basic,894,Crime,2018-02-19 00:40:08,2023-07-01 15:06:15,+18438446028,Banned,https://cdn.cinescope.io/avatars/5.jpg
6,user0006,user0006@outlook.com,hashed_234841,UK,56,F,Basic,1343,Crime,2021-08-21 07:47:48,2024-04-18 08:42:08,+27156648545,Inactive,https://cdn.cinescope.io/avatars/6.jpg
7,user0007,user0007@outlook.com,hashed_901581,Canada,52,F,Basic,1160,Romance,2023-02-18 08:54:52,2024-06-07 14:48:49,+53216681129,Inactive,https://cdn.cinescope.io/avatars/7.jpg
8,user0008,user0008@proton.com,hashed_486656,USA,30,Other,Premium,2547,Action,2019-04-05 06:22:35,2024-10-08 11:32:03,+52669048555,Banned,https://cdn.cinescope.io/avatars/8.jpg
9,user0009,user0009@yahoo.com,hashed_632659,India,14,F,Basic,373,Animation,2023-11-17 02:37:43,2024-04-12 08:50:50,+95774933983,Inactive,https://cdn.cinescope.io/avatars/9.jpg
10,user0010,user0010@yahoo.com,hashed_605857,Japan,71,F,Premium,3199,Horror,2022-04-02 09:27:18,2023-01-14 00:24:36,+36855639559,Banned,https://cdn.cinescope.io/avatars/10.jpg
11,user0011,user0011@proton.com,hashed_877745,Australia,64,F,Free,4070,Animation,2022-04-26 17:22:57,2024-11-26 12:01:37,+50419600744,Active,https://cdn.cinescope.io/avatars/11.jpg
12,user0012,user0012@yahoo.com,hashed_365584,South Korea,51,F,Free,758,Romance,2018-10-27 19:54:52,2023-03-27 20:47:16,+33126153466,Inactive,https://cdn.cinescope.io/avatars/12.jpg
13,user0013,user0013@gmail.com,hashed_932583,France,31,M,Free,3229,Action,2019-03-12 01:41:52,2023-12-22 22:49:37,+19526424634,Inactive,https://cdn.cinescope.io/avatars/13.jpg
14,user0014,user0014@yahoo.com,hashed_380428,UK,49,F,Free,1988,Romance,2018-08-19 08:36:26,2024-06-26 09:38:44,+77646014388,Banned,https://cdn.cinescope.io/avatars/14.jpg
15,user0015,user0015@hotmail.com,hashed_281718,Spain,59,M,Basic,2358,Crime,2023-11-26 04:28:46,2023-09-08 04:54:09,+46590075922,Banned,https://cdn.cinescope.io/avatars/15.jpg
16,user0016,user0016@hotmail.com,hashed_797995,UK,19,F,Basic,2216,Adventure,2018-11-09 01:17:46,2024-06-22 11:06:05,+21329004714,Active,https://cdn.cinescope.io/avatars/16.jpg
17,user0017,user0017@proton.com,hashed_467227,USA,58,M,Premium,4940,Comedy,2018-08-25 20:18:43,2024-10-12 05:50:59,+65185314257,Banned,https://cdn.cinescope.io/avatars/17.jpg
18,user0018,user0018@yahoo.com,hashed_316298,Canada,57,F,Free,1877,Crime,2021-04-24 04:45:28,2023-10-14 23:37:11,+54626528785,Active,https://cdn.cinescope.io/avatars/18.jpg
19,user0019,user0019@hotmail.com,hashed_893342,UK,25,Other,Premium,2059,Adventure,2022-07-19 21:50:24,2024-04-28 15:04:23,+2248126356,Inactive,https://cdn.cinescope.io/avatars/19.jpg
20,user0020,user0020@outlook.com,hashed_686607,Germany,42,M,Free,4655,Sci-Fi,2018-08-20 06:53:14,2024-08-28 07:06:08,+4482355523,Banned,https://cdn.cinescope.io/avatars/20.jpg
21,user0021,user0021@outlook.com,hashed_154181,UK,42,Other,Basic,4968,Crime,2023-01-17 04:26:34,2023-01-20 01:30:09,+36191949852,Active,https://cdn.cinescope.io/avatars/21.jpg
22,user0022,user0022@gmail.com,hashed_889760,France,67,F,Basic,1474,Thriller,2022-11-23 10:36:26,2023-03-08 06:04:52,+81612807382,Inactive,https://cdn.cinescope.io/avatars/22.jpg
23,user0023,user0023@proton.com,hashed_220573,Spain,63,Other,Free,1619,Comedy,2019-01-27 17:33:34,2023-07-28 00:56:38,+80654152115,Inactive,https://cdn.cinescope.io/avatars/23.jpg
24,user0024,user0024@gmail.com,hashed_227678,Germany,16,F,Premium,4474,Romance,2021-11-12 16:44:50,2024-06-11 21:34:21,+2281784499,Active,https://cdn.cinescope.io/avatars/24.jpg
25,user0025,user0025@proton.com,hashed_748662,Spain,28,F,Basic,2386,Crime,2021-03-15 05:32:27,2024-02-18 03:18:49,+97204116448,Banned,https://cdn.cinescope.io/avatars/25.jpg
26,user0026,user0026@yahoo.com,hashed_439689,USA,57,F,Basic,1197,Drama,2021-07-09 21:12:59,2024-10-28 06:54:36,+29799329110,Inactive,https://cdn.cinescope.io/avatars/26.jpg
27,user0027,user0027@gmail.com,hashed_135140,Spain,56,Other,Premium,3436,Fantasy,2022-12-27 22:57:53,2024-09-11 14:17:39,+92907622306,Active,https://cdn.cinescope.io/avatars/27.jpg
28,user0028,user0028@gmail.com,hashed_258582,Italy,18,Other,Basic,1934,Crime,2022-08-18 19:57:20,2023-08-16 01:04:10,+83970854364,Inactive,https://cdn.cinescope.io/avatars/28.jpg
29,user0029,user0029@proton.com,hashed_802540,Canada,22,F,Free,3592,Documentary,2018-05-15 00:18:02,2024-11-19 06:24:22,+15562954633,Active,https://cdn.cinescope.io/avatars/29.jpg
30,user0030,user0030@proton.com,hashed_553099,Brazil,21,M,Free,1302,Animation,2019-06-25 15:07:09,2024-07-16 05:04:09,+48522960049,Active,https://cdn.cinescope.io/avatars/30.jpg
31,user0031,invalid-email-no-at,hashed_465875,Canada,27,M,Premium,2498,Comedy,2020-07-13 00:00:37,2023-06-16 17:13:26,+44591596381,Banned,https://cdn.cinescope.io/avatars/31.jpg
32,user0032,user0032@proton.com,hashed_176729,Germany,38,F,Premium,1548,Comedy,2022-09-11 13:46:59,2024-10-22 19:54:28,+27133099332,Banned,https://cdn.cinescope.io/avatars/32.jpg
33,user0033,user0033@outlook.com,hashed_146112,USA,73,F,Free,2277,Thriller,2019-08-02 01:50:17,2023-12-28 21:31:19,+4890668081,Inactive,https://cdn.cinescope.io/avatars/33.jpg
34,user0034,user0034@yahoo.com,hashed_988772,Italy,71,Other,Basic,3577,Comedy,2018-06-16 22:31:51,2024-01-24 10:16:23,+57188528034,Banned,https://cdn.cinescope.io/avatars/34.jpg
35,user0035,user0035@outlook.com,hashed_623734,Japan,23,F,Premium,2961,Thriller,2023-02-09 03:46:46,2024-03-14 06:45:16,+68260246011,Banned,https://cdn.cinescope.io/avatars/35.jpg
36,user0036,user0036@proton.com,hashed_704233,Canada,46,M,Free,2572,Fantasy,2018-01-15 22:52:07,2023-03-22 22:00:18,+82272908106,Banned,https://cdn.cinescope.io/avatars/36.jpg
37,user0037,user0037@hotmail.com,hashed_933689,Spain,66,Other,Basic,904,Adventure,2021-11-23 12:24:00,2024-06-14 17:37:53,+34938126575,Active,https://cdn.cinescope.io/avatars/37.jpg
38,user0038,user0038@proton.com,hashed_488584,Spain,44,Other,Basic,3272,Sci-Fi,2021-12-14 12:25:55,2024-08-13 01:35:22,+13531503961,Active,https://cdn.cinescope.io/avatars/38.jpg
39,user0039,user0039@gmail.com,hashed_556959,Japan,33,M,Free,4022,Sci-Fi,2018-05-19 19:34:33,2024-09-05 18:35:32,+95467244323,Inactive,https://cdn.cinescope.io/avatars/39.jpg
40,user0040,user0040@yahoo.com,hashed_552067,France,48,F,Premium,332,Romance,2022-03-20 17:29:50,2023-11-17 13:50:43,+39894999119,Inactive,https://cdn.cinescope.io/avatars/40.jpg
41,user0041,user0041@gmail.com,hashed_552767,Germany,28,M,Free,2104,Thriller,2018-04-03 17:44:12,2023-04-27 00:57:05,+62249993823,Active,https://cdn.cinescope.io/avatars/41.jpg
42,user0042,user0042@gmail.com,hashed_363813,India,34,Other,Basic,2619,Sci-Fi,2019-12-10 11:09:36,2024-02-11 02:17:12,+66382227795,Inactive,https://cdn.cinescope.io/avatars/42.jpg
43,user0043,user0043@proton.com,hashed_321376,South Korea,41,Other,Premium,1636,Crime,2022-08-23 02:42:15,2024-06-13 13:58:39,+33471989376,Inactive,https://cdn.cinescope.io/avatars/43.jpg
44,user0044,user0044@yahoo.com,hashed_703107,South Korea,60,Other,Basic,2050,Drama,2021-11-18 04:20:43,2024-01-23 03:38:39,+27967460354,Banned,https://cdn.cinescope.io/avatars/44.jpg
45,user0045,user0045@proton.com,hashed_732036,Japan,39,Other,Free,4848,Thriller,2021-11-18 09:08:27,2024-02-16 18:29:12,+95564033619,Inactive,https://cdn.cinescope.io/avatars/45.jpg
46,user0046,user0046@outlook.com,hashed_237485,Australia,65,F,Free,4970,Action,2023-10-11 23:47:43,2023-01-07 17:42:29,+78152196350,Active,https://cdn.cinescope.io/avatars/46.jpg
47,user0047,user0047@gmail.com,hashed_178885,Canada,30,F,Premium,3135,Comedy,2020-12-09 13:44:11,2023-01-04 12:21:27,+16933057819,Inactive,https://cdn.cinescope.io/avatars/47.jpg
48,user0048,user0048@yahoo.com,hashed_138241,India,25,Other,Free,3139,Comedy,2020-04-22 17:05:17,2023-04-02 20:31:20,+31745990552,Inactive,https://cdn.cinescope.io/avatars/48.jpg
49,user0049,user0049@proton.com,hashed_164265,UK,46,F,Free,2838,Action,2021-05-12 00:48:47,2023-12-28 07:11:32,+37170379231,Active,https://cdn.cinescope.io/avatars/49.jpg
50,  user0050   ,user0050@proton.com,hashed_377870,,72,M,Free,197,Fantasy,2018-08-16 03:42:35,2023-04-22 10:44:44,+73752943921,Active,https://cdn.cinescope.io/avatars/50.jpg
51,user0051,user0051@yahoo.com,hashed_557352,South Korea,41,F,Free,3584,Comedy,2021-06-16 07:21:20,2024-09-04 09:29:06,+63609721473,Active,https://cdn.cinescope.io/avatars/51.jpg
52,user0052,user0052@outlook.com,hashed_327704,Canada,21,Other,Basic,1468,Animation,2023-01-27 04:04:22,2023-11-04 06:56:16,+14464627297,Active,https://cdn.cinescope.io/avatars/52.jpg
53,user0053,user0053@yahoo.com,hashed_665805,Canada,34,Other,Free,2359,Animation,2021-04-07 22:56:53,2023-03-20 19:55:02,+56269219028,Active,https://cdn.cinescope.io/avatars/53.jpg
54,user0054,user0054@outlook.com,hashed_463475,Canada,57,F,Basic,3784,Crime,2018-05-26 05:05:50,2023-07-22 05:11:02,+89744797199,Banned,https://cdn.cinescope.io/avatars/54.jpg
55,user0055,user0055@outlook.com,hashed_104042,Brazil,29,M,Basic,2057,Thriller,2021-05-10 08:13:52,2023-12-25 18:51:50,+93822600960,Inactive,https://cdn.cinescope.io/avatars/55.jpg
56,user0056,user0056@proton.com,hashed_841913,USA,42,Other,Free,1352,Animation,2021-12-17 07:20:10,2024-09-02 20:32:57,+19267836718,Inactive,https://cdn.cinescope.io/avatars/56.jpg
57,user0057,user0057@proton.com,hashed_297504,India,26,M,Free,357,Fantasy,2018-01-22 13:13:40,2023-06-17 23:55:27,+62214271444,Banned,https://cdn.cinescope.io/avatars/57.jpg
58,user0058,user0058@outlook.com,hashed_226453,Spain,55,F,Basic,227,Thriller,2020-05-26 13:40:13,2023-03-23 09:52:24,+43404605838,Inactive,https://cdn.cinescope.io/avatars/58.jpg
59,user0059,user0059@outlook.com,hashed_450418,Japan,60,M,Basic,991,Animation,2020-08-07 10:48:04,2024-02-26 23:53:31,+68406065475,Inactive,https://cdn.cinescope.io/avatars/59.jpg
60,user0060,user0060@proton.com,hashed_708085,Italy,39,M,Free,1873,Adventure,2019-08-24 10:09:11,2024-12-09 16:16:40,+46855523019,Active,https://cdn.cinescope.io/avatars/60.jpg
61,user0061,invalid-email-no-at,hashed_197078,Brazil,35,F,Premium,3016,Adventure,2019-08-21 04:14:31,2024-07-02 08:04:18,+21297580935,Active,https://cdn.cinescope.io/avatars/61.jpg
62,user0062,user0062@outlook.com,hashed_671603,France,44,M,Free,4836,Documentary,2019-02-01 19:49:12,2024-11-25 04:19:57,+8298519273,Banned,https://cdn.cinescope.io/avatars/62.jpg
63,user0063,user0063@yahoo.com,hashed_851094,Australia,72,F,Premium,3228,Comedy,2022-05-01 14:51:27,2024-04-20 01:58:34,+22752143052,Inactive,https://cdn.cinescope.io/avatars/63.jpg
64,user0064,user0064@proton.com,hashed_580150,Australia,16,F,Premium,1276,Horror,2020-07-14 12:24:38,2024-12-18 07:27:59,+85804665649,Banned,https://cdn.cinescope.io/avatars/64.jpg
65,user0065,user0065@gmail.com,hashed_630117,UK,60,F,Premium,134,Documentary,2020-06-19 05:21:50,2024-03-19 15:50:11,+73780518861,Inactive,https://cdn.cinescope.io/avatars/65.jpg
66,user0066,user0066@outlook.com,hashed_443297,Spain,23,F,Free,2491,Adventure,2021-09-27 22:38:45,2023-08-02 23:43:17,+19326253648,Inactive,https://cdn.cinescope.io/avatars/66.jpg
67,user0067,user0067@yahoo.com,hashed_551331,Italy,15,F,Free,2443,Fantasy,2023-12-13 02:34:03,2024-09-13 05:32:52,+87830076959,Banned,https://cdn.cinescope.io/avatars/67.jpg
68,user0068,user0068@outlook.com,hashed_746000,UK,29,Other,Basic,155,Thriller,2023-11-22 19:23:05,2024-10-23 10:26:51,+96658295754,Active,https://cdn.cinescope.io/avatars/68.jpg
69,user0069,user0069@yahoo.com,hashed_338926,Brazil,68,M,Premium,2028,Documentary,2018-02-13 18:47:12,2024-08-14 18:04:51,+35150519523,Active,https://cdn.cinescope.io/avatars/69.jpg
70,user0070,user0070@yahoo.com,hashed_739548,India,18,Other,Free,1310,Action,2018-07-07 03:32:48,2024-03-01 00:40:09,+64746894884,Active,https://cdn.cinescope.io/avatars/70.jpg
71,user0071,user0071@proton.com,hashed_953214,Italy,56,M,Premium,545,Horror,2018-10-18 05:05:10,2024-01-06 07:07:35,+20332195700,Banned,https://cdn.cinescope.io/avatars/71.jpg
72,user0072,user0072@outlook.com,hashed_733754,USA,73,M,Free,3739,Animation,2023-06-13 18:44:44,2023-01-23 00:44:06,+5995225644,Banned,https://cdn.cinescope.io/avatars/72.jpg
73,user0073,user0073@proton.com,hashed_459403,Germany,24,F,Basic,4338,Thriller,2020-04-26 16:58:49,2024-02-12 02:20:18,+97903889565,Banned,https://cdn.cinescope.io/avatars/73.jpg
74,user0074,user0074@outlook.com,hashed_161428,Brazil,41,M,Free,3953,Comedy,2022-03-02 08:03:02,2023-11-24 23:33:00,+80223769064,Banned,https://cdn.cinescope.io/avatars/74.jpg
75,user0075,user0075@yahoo.com,hashed_314848,UK,55,Other,Free,204,Sci-Fi,2022-12-07 05:16:44,2023-09-08 04:43:47,+92709779690,Inactive,https://cdn.cinescope.io/avatars/75.jpg
76,user0076,user0076@yahoo.com,hashed_145016,UK,20,M,Basic,3828,Fantasy,2020-12-10 05:33:57,2023-03-13 15:43:01,+50271989088,Active,https://cdn.cinescope.io/avatars/76.jpg
77,user0077,user0077@gmail.com,hashed_591028,Brazil,60,M,Premium,57,Comedy,2020-02-11 06:32:25,2024-03-14 14:14:49,+65218988533,Active,https://cdn.cinescope.io/avatars/77.jpg
78,user0078,user0078@yahoo.com,hashed_946116,South Korea,67,M,Basic,97,Sci-Fi,2019-02-20 16:17:49,2023-01-22 10:01:28,+79715653816,Inactive,https://cdn.cinescope.io/avatars/78.jpg
79,user0079,invalid-email-no-at,hashed_532915,Spain,27,F,Premium,2052,Romance,2021-10-16 01:46:00,2023-01-21 14:25:17,+34638804287,Banned,https://cdn.cinescope.io/avatars/79.jpg
80,user0080,user0080@hotmail.com,hashed_108156,France,23,F,Free,3723,Crime,2022-08-08 23:08:35,2023-10-01 03:54:44,+44647540587,Banned,https://cdn.cinescope.io/avatars/80.jpg
81,user0081,user0081@yahoo.com,hashed_966561,Germany,40,M,Basic,4375,Action,2018-10-20 01:23:01,2023-05-02 12:20:04,+47215899743,Active,https://cdn.cinescope.io/avatars/81.jpg
82,user0082,user0082@outlook.com,hashed_583276,USA,30,Other,Basic,3603,Fantasy,2021-09-18 12:12:40,2023-03-26 08:53:03,+35609617905,Inactive,https://cdn.cinescope.io/avatars/82.jpg
83,user0083,invalid-email-no-at,hashed_358424,India,46,M,Premium,511,Drama,2018-05-27 10:44:26,2024-12-13 14:28:26,+82419720147,Active,https://cdn.cinescope.io/avatars/83.jpg
84,user0084,user0084@proton.com,hashed_201117,Spain,22,M,Basic,3458,Horror,2020-02-16 14:48:51,2023-03-05 21:13:35,+17387735248,Active,https://cdn.cinescope.io/avatars/84.jpg
85,user0085,user0085@hotmail.com,hashed_270040,Spain,21,F,Free,1218,Action,2022-06-21 18:41:44,2023-09-09 16:36:35,+45346963817,Inactive,https://cdn.cinescope.io/avatars/85.jpg
86,user0086,user0086@yahoo.com,hashed_279723,Canada,73,M,Free,2780,Adventure,2021-11-21 00:10:44,2024-01-27 19:15:36,+65635637058,Banned,https://cdn.cinescope.io/avatars/86.jpg
87,user0087,user0087@outlook.com,hashed_902989,Italy,31,F,Free,3726,Thriller,2022-09-08 10:46:48,2024-11-12 04:45:15,+26866509285,Banned,https://cdn.cinescope.io/avatars/87.jpg
88,user0088,user0088@gmail.com,hashed_927362,UK,34,M,Free,2553,Action,2021-11-06 01:54:06,2024-07-07 07:17:49,+71547007249,Active,https://cdn.cinescope.io/avatars/88.jpg
89,user0089,user0089@gmail.com,hashed_367833,Brazil,24,F,Free,3286,Comedy,2022-09-14 05:56:13,2023-06-15 01:18:17,+18198640578,Inactive,https://cdn.cinescope.io/avatars/89.jpg
90,user0090,user0090@hotmail.com,hashed_421370,Germany,31,M,Free,634,Drama,2021-06-09 18:16:18,2024-08-21 09:10:48,+92225835383,Active,https://cdn.cinescope.io/avatars/90.jpg
91,user0091,user0091@proton.com,hashed_496954,Germany,70,F,Free,1322,Fantasy,2018-02-14 08:48:31,2023-05-22 12:18:11,+39292878204,Banned,https://cdn.cinescope.io/avatars/91.jpg
92,user0092,user0092@proton.com,hashed_438908,Germany,52,Other,Premium,4061,Sci-Fi,2023-10-26 03:23:15,2023-01-15 10:51:07,+57286325822,Inactive,https://cdn.cinescope.io/avatars/92.jpg
93,user0093,user0093@hotmail.com,hashed_391461,Spain,24,Other,Free,399,Sci-Fi,2021-09-06 08:20:47,2023-02-01 23:32:05,+84180846751,Active,https://cdn.cinescope.io/avatars/93.jpg
94,user0094,user0094@hotmail.com,hashed_813613,Italy,32,M,Premium,388,Crime,2018-05-21 13:00:27,2024-12-24 18:24:07,+39356207634,Banned,https://cdn.cinescope.io/avatars/94.jpg
95,user0095,user0095@gmail.com,hashed_424546,Canada,64,M,Free,4250,Animation,2022-12-21 01:24:21,2023-07-03 08:28:05,+77772866286,Inactive,https://cdn.cinescope.io/avatars/95.jpg
96,user0096,invalid-email-no-at,hashed_300289,France,13,F,Free,1533,Animation,2019-09-26 19:34:26,2023-11-05 03:59:11,+14276834472,Active,https://cdn.cinescope.io/avatars/96.jpg
97,user0097,user0097@proton.com,hashed_409704,UK,67,F,Premium,3236,Romance,2022-10-27 20:48:28,2024-03-02 01:41:04,+11383761498,Inactive,https://cdn.cinescope.io/avatars/97.jpg
98,  user0098   ,user0098@gmail.com,hashed_598792,Germany,23,M,Premium,4368,Romance,2018-12-12 18:23:10,2024-12-20 22:55:38,+35246474433,Inactive,https://cdn.cinescope.io/avatars/98.jpg
99,user0099,user0099@outlook.com,hashed_890124,Spain,51,Other,Free,4858,Thriller,2018-06-11 15:30:36,2024-11-27 19:41:34,+85605236319,Active,https://cdn.cinescope.io/avatars/99.jpg
100,user0100,user0100@outlook.com,hashed_142321,South Korea,51,F,Premium,4386,Drama,2020-01-25 08:52:54,2023-10-02 07:21:51,+3603634777,Inactive,https://cdn.cinescope.io/avatars/100.jpg
101,user0101,user0101@gmail.com,hashed_749039,Australia,40,Other,Free,3433,Thriller,2020-05-22 14:58:58,2024-01-16 10:54:05,+68481784648,Active,https://cdn.cinescope.io/avatars/101.jpg
102,user0102,user0102@gmail.com,hashed_243422,Italy,54,F,Free,4312,Action,2019-05-12 18:18:03,2024-10-21 07:20:25,+65412419942,Inactive,https://cdn.cinescope.io/avatars/102.jpg
103,user0103,user0103@yahoo.com,hashed_900886,Brazil,34,M,Basic,3418,Crime,2020-06-15 07:31:56,2024-09-26 23:51:46,+36788171616,Inactive,https://cdn.cinescope.io/avatars/103.jpg
104,user0104,user0104@yahoo.com,hashed_880633,India,39,F,Premium,420,Drama,2023-08-26 10:49:10,2023-08-19 20:58:11,+22283107856,Banned,https://cdn.cinescope.io/avatars/104.jpg
105,user0105,user0105@hotmail.com,hashed_924745,Canada,29,Other,Premium,4618,Fantasy,2018-03-02 07:42:33,2024-05-02 14:00:03,+98559673957,Banned,https://cdn.cinescope.io/avatars/105.jpg
106,user0106,user0106@hotmail.com,hashed_396609,UK,60,F,Basic,2622,Thriller,2023-09-11 02:45:12,2024-07-23 07:21:10,+44712408666,Banned,https://cdn.cinescope.io/avatars/106.jpg
107,user0107,user0107@hotmail.com,hashed_122822,Japan,35,M,Free,3259,Thriller,2019-05-14 02:04:33,2024-09-16 06:28:09,+40240489447,Banned,https://cdn.cinescope.io/avatars/107.jpg
108,user0108,user0108@yahoo.com,hashed_329126,Brazil,31,M,Premium,540,Animation,2018-07-02 07:12:53,2023-01-17 11:18:18,+45747715752,Active,https://cdn.cinescope.io/avatars/108.jpg
109,user0109,user0109@proton.com,hashed_156855,Australia,14,Other,Premium,1631,Drama,2019-08-18 17:03:46,2023-11-03 01:37:15,+32550584160,Inactive,https://cdn.cinescope.io/avatars/109.jpg
110,user0110,user0110@outlook.com,hashed_586305,Spain,39,F,Basic,3092,Horror,2020-06-10 10:39:56,2023-04-09 16:07:39,+93543665324,Inactive,https://cdn.cinescope.io/avatars/110.jpg
111,user0111,user0111@hotmail.com,hashed_152976,UK,26,Other,Basic,3043,Thriller,2019-01-18 19:46:48,2023-04-23 07:12:41,+99893579732,Active,https://cdn.cinescope.io/avatars/111.jpg
112,user0112,user0112@yahoo.com,hashed_430197,South Korea,14,F,Free,1173,Romance,2020-01-14 04:51:50,2024-01-13 14:18:45,+96174982640,Active,https://cdn.cinescope.io/avatars/112.jpg
113,user0113,user0113@hotmail.com,hashed_631675,Spain,19,F,Basic,4607,Thriller,2023-05-22 04:29:44,2024-04-02 05:37:18,+16901387238,Active,https://cdn.cinescope.io/avatars/113.jpg
114,user0114,user0114@outlook.com,hashed_265342,Germany,62,F,Premium,1689,Animation,2021-02-06 11:34:11,2024-09-25 17:38:57,+62281327980,Active,https://cdn.cinescope.io/avatars/114.jpg
115,user0115,user0115@proton.com,hashed_732658,South Korea,37,Other,Premium,2734,Fantasy,2022-02-24 22:44:37,2024-06-27 12:42:18,+92732937248,Inactive,https://cdn.cinescope.io/avatars/115.jpg
116,user0116,user0116@outlook.com,hashed_131637,Japan,36,M,Basic,1279,Adventure,2022-07-16 17:23:21,2024-08-01 02:32:37,+42255026458,Inactive,https://cdn.cinescope.io/avatars/116.jpg
117,user0117,user0117@outlook.com,hashed_415895,Italy,15,Other,Premium,1871,Romance,2021-03-25 20:21:57,2023-12-05 16:44:01,+45920874100,Active,https://cdn.cinescope.io/avatars/117.jpg
118,user0118,user0118@hotmail.com,hashed_766103,Spain,57,F,Free,2033,Drama,2021-02-08 21:19:00,2024-10-20 04:51:43,+60619216225,Banned,https://cdn.cinescope.io/avatars/118.jpg
119,user0119,user0119@gmail.com,hashed_611490,South Korea,24,Other,Premium,1648,Comedy,2022-07-16 21:57:32,2024-02-12 21:03:27,+35475863575,Inactive,https://cdn.cinescope.io/avatars/119.jpg
120,user0120,user0120@proton.com,hashed_826210,South Korea,39,Other,Basic,663,Romance,2021-09-19 09:02:36,2023-07-24 07:24:16,+9473153357,Inactive,https://cdn.cinescope.io/avatars/120.jpg
121,user0121,user0121@gmail.com,hashed_175236,Germany,34,F,Free,1534,Comedy,2020-06-03 16:09:23,2024-10-13 02:37:08,+48436707793,Active,https://cdn.cinescope.io/avatars/121.jpg
122,user0122,user0122@yahoo.com,hashed_427040,India,57,F,Premium,3982,Documentary,2020-09-16 18:48:52,2024-12-07 02:36:27,+55709357418,Active,https://cdn.cinescope.io/avatars/122.jpg
123,user0123,user0123@gmail.com,hashed_507561,Canada,24,M,Basic,4615,Adventure,2018-07-09 04:15:00,2023-03-16 09:25:37,+64773208715,Banned,https://cdn.cinescope.io/avatars/123.jpg
124,user0124,user0124@gmail.com,hashed_194871,Canada,68,F,Free,3823,Crime,2023-01-27 16:23:42,2024-04-26 12:00:26,+50318828043,Active,https://cdn.cinescope.io/avatars/124.jpg
125,user0125,user0125@yahoo.com,hashed_772318,Brazil,42,F,Basic,2370,Comedy,2022-09-10 02:00:51,2024-01-27 22:02:13,+53302468113,Banned,https://cdn.cinescope.io/avatars/125.jpg
126,user0126,user0126@yahoo.com,hashed_649203,UK,32,Other,Basic,1695,Adventure,2020-03-22 23:14:50,2024-07-03 03:35:32,+3334077422,Banned,https://cdn.cinescope.io/avatars/126.jpg
127,  user0127   ,invalid-email-no-at,hashed_984021,Italy,56,Other,Premium,4773,Sci-Fi,2022-11-14 04:42:04,2024-04-21 21:55:04,+32996364623,Banned,https://cdn.cinescope.io/avatars/127.jpg
128,user0128,user0128@gmail.com,hashed_933794,Canada,73,M,Premium,3205,Romance,2021-07-08 12:41:46,2024-08-06 16:04:41,+21639573083,Active,https://cdn.cinescope.io/avatars/128.jpg
129,user0129,user0129@yahoo.com,hashed_301845,Germany,44,Other,Free,1417,Crime,2023-10-09 00:53:14,2024-06-07 11:40:44,+42724394285,Active,https://cdn.cinescope.io/avatars/129.jpg
130,user0130,user0130@gmail.com,hashed_986491,Brazil,57,F,Basic,3699,Drama,2022-11-11 01:52:51,2023-01-12 12:32:29,+20862886923,Banned,https://cdn.cinescope.io/avatars/130.jpg
131,user0131,user0131@gmail.com,hashed_445781,UK,67,Other,Basic,4438,Fantasy,2018-09-12 05:51:46,2023-09-17 05:58:00,+9235078506,Banned,https://cdn.cinescope.io/avatars/131.jpg
132,user0132,user0132@gmail.com,hashed_381277,Canada,38,Other,Free,3344,Sci-Fi,2021-07-27 11:08:32,2023-03-23 12:06:53,+36730395263,Banned,https://cdn.cinescope.io/avatars/132.jpg
133,  user0133   ,user0133@hotmail.com,hashed_999067,UK,48,F,Premium,2428,Thriller,2023-12-27 08:47:54,2024-08-16 13:55:25,+91705110929,Active,https://cdn.cinescope.io/avatars/133.jpg
134,user0134,user0134@yahoo.com,hashed_914684,Brazil,71,M,Premium,4772,Drama,2023-06-20 11:46:25,2024-09-07 04:13:36,+69569149348,Banned,https://cdn.cinescope.io/avatars/134.jpg
135,user0135,user0135@hotmail.com,hashed_116006,France,31,M,Free,3765,Action,2021-07-04 17:49:20,2023-07-02 22:33:31,+97734745403,Banned,https://cdn.cinescope.io/avatars/135.jpg
136,user0136,user0136@gmail.com,hashed_999590,Germany,58,M,Premium,4498,Drama,2018-03-01 18:39:27,2024-08-14 07:28:10,abc-def-ghij,Active,https://cdn.cinescope.io/avatars/136.jpg
137,user0137,user0137@yahoo.com,hashed_493567,South Korea,13,F,Premium,824,Fantasy,2023-12-01 11:25:42,2024-08-26 09:53:55,+29417009484,Active,https://cdn.cinescope.io/avatars/137.jpg
138,user0138,user0138@proton.com,hashed_572479,Germany,17,F,Basic,4890,Action,2022-12-11 08:27:57,2024-12-08 22:42:03,+62136472088,Inactive,https://cdn.cinescope.io/avatars/138.jpg
139,user0139,user0139@proton.com,hashed_446570,Germany,21,Other,Free,3460,Romance,2019-06-09 15:49:32,2023-11-02 18:20:33,+55673163210,Active,https://cdn.cinescope.io/avatars/139.jpg
140,user0140,invalid-email-no-at,hashed_430808,Canada,62,Other,Free,334,Action,2018-10-22 01:56:59,2023-08-07 16:32:20,+12937068198,Inactive,https://cdn.cinescope.io/avatars/140.jpg
141,user0141,user0141@outlook.com,hashed_620247,Japan,38,Other,Free,4700,Crime,2018-09-20 08:06:13,2023-10-17 10:36:24,+98861383828,Inactive,https://cdn.cinescope.io/avatars/141.jpg
142,  user0142   ,user0142@gmail.com,hashed_408064,UK,47,Other,Basic,1434,Sci-Fi,2023-02-04 02:57:37,2023-04-25 11:38:19,+19217263902,Banned,https://cdn.cinescope.io/avatars/142.jpg
143,user0143,user0143@gmail.com,hashed_290254,South Korea,52,Other,Premium,4830,Action,2023-11-08 04:15:35,2024-11-14 14:24:54,+22810636191,Inactive,https://cdn.cinescope.io/avatars/143.jpg
144,user0144,user0144@gmail.com,hashed_705278,South Korea,66,M,Free,2537,Action,2023-04-19 19:52:30,2023-09-15 09:18:42,+50992699181,Banned,https://cdn.cinescope.io/avatars/144.jpg
145,user0145,invalid-email-no-at,hashed_824126,Canada,53,Other,Premium,3667,Adventure,2018-03-13 12:15:32,2023-01-16 03:22:59,+13648181116,Inactive,https://cdn.cinescope.io/avatars/145.jpg
146,user0146,user0146@proton.com,hashed_210561,France,45,F,Free,2794,Animation,2021-07-27 14:31:04,2023-12-26 21:35:35,+42225863746,Banned,https://cdn.cinescope.io/avatars/146.jpg
147,user0147,user0147@yahoo.com,hashed_565474,South Korea,30,M,Basic,4124,Fantasy,2019-04-22 00:13:26,2023-07-15 15:33:30,+30163431843,Active,https://cdn.cinescope.io/avatars/147.jpg
148,user0148,user0148@proton.com,hashed_283466,Italy,61,F,Free,1551,Romance,2020-10-27 13:30:16,2024-02-23 23:19:20,+22385925003,Active,https://cdn.cinescope.io/avatars/148.jpg
149,user0149,user0149@outlook.com,hashed_945951,Japan,73,Other,Premium,1197,Sci-Fi,2019-12-14 20:53:38,2023-12-04 16:23:06,+23481655175,Active,https://cdn.cinescope.io/avatars/149.jpg
150,user0150,user0150@gmail.com,hashed_669844,South Korea,42,F,Basic,3444,Animation,2018-11-12 01:42:26,2023-10-18 06:32:47,+56611448180,Active,https://cdn.cinescope.io/avatars/150.jpg
151,user0151,user0151@gmail.com,hashed_286098,Spain,73,F,Free,2036,Crime,2020-12-24 11:24:12,2023-04-25 17:36:09,+29378289057,Active,https://cdn.cinescope.io/avatars/151.jpg
152,user0152,user0152@hotmail.com,hashed_156200,South Korea,68,F,Premium,3854,Documentary,2023-03-13 06:34:34,2023-11-07 05:17:43,+47248613067,Banned,https://cdn.cinescope.io/avatars/152.jpg
153,user0153,user0153@yahoo.com,hashed_508612,UK,57,Other,Premium,3095,Fantasy,2021-12-09 15:26:46,2023-04-21 15:01:13,+49218220798,Banned,https://cdn.cinescope.io/avatars/153.jpg
154,user0154,user0154@proton.com,hashed_828827,UK,19,Other,Free,1006,Fantasy,2019-03-24 18:17:05,2023-12-08 04:32:48,+36604211777,Banned,https://cdn.cinescope.io/avatars/154.jpg
155,user0155,user0155@gmail.com,hashed_707928,Japan,19,Other,Basic,2249,Sci-Fi,2020-05-03 17:39:10,2024-09-17 07:05:16,+98520646484,Active,https://cdn.cinescope.io/avatars/155.jpg
156,user0156,user0156@gmail.com,hashed_266213,India,43,M,Basic,2480,Fantasy,2018-05-15 18:52:48,2024-06-15 03:27:53,+45532006136,Banned,https://cdn.cinescope.io/avatars/156.jpg
157,user0157,user0157@proton.com,hashed_875049,South Korea,39,M,Premium,3340,Documentary,2020-07-10 20:13:19,2024-07-02 21:43:33,+84249552608,Banned,https://cdn.cinescope.io/avatars/157.jpg
158,user0158,user0158@yahoo.com,hashed_285695,India,54,Other,Basic,3236,Animation,2023-04-13 06:04:25,2023-04-01 17:18:24,+74282534474,Active,https://cdn.cinescope.io/avatars/158.jpg
159,user0159,user0159@gmail.com,hashed_906866,USA,26,Other,Basic,2552,Fantasy,2018-09-27 09:50:56,2024-05-19 02:40:05,+96523195505,Inactive,https://cdn.cinescope.io/avatars/159.jpg
160,user0160,user0160@yahoo.com,hashed_136248,Germany,16,Other,Premium,802,Romance,2021-04-25 12:27:11,2023-09-09 11:53:20,+84859526755,Inactive,https://cdn.cinescope.io/avatars/160.jpg
161,user0161,user0161@gmail.com,hashed_994997,Italy,70,Other,Basic,622,Drama,2023-01-17 09:33:27,2023-01-13 23:49:26,+1672757323,Banned,https://cdn.cinescope.io/avatars/161.jpg
162,user0162,user0162@gmail.com,hashed_410582,Italy,53,M,Basic,2145,Fantasy,2023-06-07 16:53:40,2023-12-13 04:57:19,+8296125506,Inactive,https://cdn.cinescope.io/avatars/162.jpg
163,user0163,user0163@gmail.com,hashed_401874,South Korea,68,M,Free,623,Romance,2020-01-28 05:58:43,2024-03-07 16:36:12,+54517536867,Inactive,https://cdn.cinescope.io/avatars/163.jpg
164,user0164,user0164@hotmail.com,hashed_116055,Australia,23,Other,Premium,3070,Action,2019-04-22 21:01:22,2023-07-14 14:06:16,+2594903740,Banned,https://cdn.cinescope.io/avatars/164.jpg
165,user0165,user0165@hotmail.com,hashed_901069,France,49,F,Basic,2092,Adventure,2018-03-19 17:44:10,2024-10-06 05:00:52,+29805510817,Active,https://cdn.cinescope.io/avatars/165.jpg
166,user0166,user0166@proton.com,hashed_149868,India,56,F,Free,906,Animation,2021-09-01 03:52:10,2024-10-14 05:21:02,+71177550939,Inactive,https://cdn.cinescope.io/avatars/166.jpg
167,user0167,user0167@gmail.com,hashed_729295,France,51,F,Free,443,Thriller,2023-03-12 01:47:48,2023-08-09 19:25:52,+30864993160,Active,https://cdn.cinescope.io/avatars/167.jpg
168,user0168,user0168@yahoo.com,hashed_812161,Germany,38,F,Basic,1724,Fantasy,2022-10-09 04:53:46,2024-12-17 00:12:14,+65402488639,Active,https://cdn.cinescope.io/avatars/168.jpg
169,user0169,user0169@proton.com,hashed_787195,Germany,50,Other,Free,4221,Sci-Fi,2018-06-02 08:59:42,2024-11-04 10:37:01,+33981682744,Inactive,https://cdn.cinescope.io/avatars/169.jpg
170,user0170,user0170@gmail.com,hashed_744128,USA,31,F,Basic,4689,Adventure,2019-10-04 22:04:30,2023-08-09 22:00:01,+28601034188,Active,https://cdn.cinescope.io/avatars/170.jpg
171,user0171,user0171@hotmail.com,hashed_655700,Italy,72,F,Free,3922,Horror,2020-10-13 12:24:00,2024-03-08 12:24:46,+68829716193,Active,https://cdn.cinescope.io/avatars/171.jpg
172,  user0172   ,user0172@hotmail.com,hashed_210754,,40,Other,Premium,1726,Documentary,2023-03-12 04:50:34,2024-01-10 06:37:15,+61382733970,Inactive,https://cdn.cinescope.io/avatars/172.jpg
173,user0173,user0173@gmail.com,hashed_606620,Spain,57,F,Basic,4592,Horror,2022-01-07 21:47:06,2024-04-13 15:33:04,+18525119881,Inactive,https://cdn.cinescope.io/avatars/173.jpg
174,user0174,user0174@hotmail.com,hashed_611164,Italy,23,Other,Premium,1884,Fantasy,2019-01-07 19:48:22,2023-10-12 04:47:44,+83694289828,Inactive,https://cdn.cinescope.io/avatars/174.jpg
175,user0175,user0175@gmail.com,hashed_686000,Spain,31,Other,Free,761,Drama,2020-10-26 19:31:53,2024-08-11 08:46:31,+69471220371,Active,https://cdn.cinescope.io/avatars/175.jpg
176,user0176,user0176@outlook.com,hashed_141786,Canada,42,Other,Free,4941,Horror,2020-07-28 10:36:30,2024-04-20 12:06:49,+5395772324,Active,https://cdn.cinescope.io/avatars/176.jpg
177,user0177,user0177@yahoo.com,hashed_520967,India,59,Other,Free,419,Documentary,2023-01-10 03:45:43,2024-06-14 19:40:17,+33122803026,Active,https://cdn.cinescope.io/avatars/177.jpg
178,user0178,user0178@gmail.com,hashed_627286,Australia,42,Other,Basic,559,Crime,2023-07-19 18:06:24,2024-09-15 05:14:26,+92273459843,Active,https://cdn.cinescope.io/avatars/178.jpg
179,user0179,user0179@hotmail.com,hashed_561010,India,39,F,Free,1191,Romance,2020-08-23 05:35:53,2023-09-05 18:53:07,+16134412965,Active,https://cdn.cinescope.io/avatars/179.jpg
180,user0180,user0180@outlook.com,hashed_780026,UK,74,Other,Premium,524,Fantasy,2021-01-21 16:18:06,2024-11-18 10:56:23,+80788631631,Active,https://cdn.cinescope.io/avatars/180.jpg
181,user0181,user0181@outlook.com,hashed_536550,Germany,33,F,Premium,3305,Animation,2018-08-27 03:27:48,2024-05-18 22:59:54,+8858230584,Active,https://cdn.cinescope.io/avatars/181.jpg
182,user0182,user0182@hotmail.com,hashed_137968,Spain,15,M,Free,1007,Action,2023-07-10 01:28:49,2024-03-19 13:33:47,+1105130278,Active,https://cdn.cinescope.io/avatars/182.jpg
183,user0183,user0183@yahoo.com,hashed_420344,UK,26,Other,Basic,2118,Fantasy,2023-08-19 23:38:09,2024-02-26 20:58:38,+65810519796,Inactive,https://cdn.cinescope.io/avatars/183.jpg
184,user0184,user0184@yahoo.com,hashed_389259,Spain,36,Other,Basic,4589,Adventure,2023-12-08 21:30:58,2023-01-27 22:20:12,+53777605885,Banned,https://cdn.cinescope.io/avatars/184.jpg
185,user0185,user0185@yahoo.com,hashed_945765,Spain,48,F,Free,3287,Action,2023-02-16 09:59:14,2023-05-02 05:22:24,+92733605235,Active,https://cdn.cinescope.io/avatars/185.jpg
186,user0186,user0186@gmail.com,hashed_618209,Spain,43,M,Basic,905,Comedy,2021-10-23 23:44:29,2023-08-14 06:47:20,+26206947491,Active,https://cdn.cinescope.io/avatars/186.jpg
187,user0187,user0187@outlook.com,hashed_264924,Canada,71,M,Premium,2409,Thriller,2022-09-21 03:31:58,2024-08-13 04:59:55,+98417429596,Active,https://cdn.cinescope.io/avatars/187.jpg
188,user0188,user0188@outlook.com,hashed_515515,Australia,27,Other,Free,2609,Documentary,2020-07-09 15:08:21,2024-01-27 09:24:51,+95473383793,Inactive,https://cdn.cinescope.io/avatars/188.jpg
189,user0189,user0189@proton.com,hashed_122484,Italy,19,F,Premium,2874,Action,2023-03-13 02:15:16,2023-12-20 15:14:05,+84148107065,Active,https://cdn.cinescope.io/avatars/189.jpg
190,user0190,user0190@yahoo.com,hashed_502525,Spain,75,F,Basic,34,Sci-Fi,2019-12-21 05:17:10,2023-12-28 13:36:17,+87159509830,Active,https://cdn.cinescope.io/avatars/190.jpg
191,user0191,user0191@hotmail.com,hashed_589015,India,36,Other,Free,1964,Documentary,2018-06-15 07:11:07,2023-07-25 14:54:35,+22637492693,Banned,https://cdn.cinescope.io/avatars/191.jpg
192,user0192,user0192@proton.com,hashed_215567,South Korea,41,M,Premium,2849,Crime,2020-08-01 11:10:39,2024-01-18 12:34:31,+46456749081,Inactive,https://cdn.cinescope.io/avatars/192.jpg
193,user0193,user0193@hotmail.com,hashed_710836,Brazil,40,Other,Free,2604,Documentary,2021-10-05 12:15:20,2024-01-02 12:41:11,+99305032899,Inactive,https://cdn.cinescope.io/avatars/193.jpg
194,user0194,user0194@hotmail.com,hashed_891978,Spain,36,M,Premium,1644,Animation,2022-05-19 10:13:04,2023-08-26 06:17:48,+12618154085,Inactive,https://cdn.cinescope.io/avatars/194.jpg
195,user0195,user0195@hotmail.com,hashed_543663,Brazil,25,F,Basic,730,Romance,2020-11-13 02:20:09,2024-06-08 04:51:09,+3818373999,Active,https://cdn.cinescope.io/avatars/195.jpg
196,user0196,user0196@hotmail.com,hashed_102528,France,57,M,Free,4774,Adventure,2021-02-20 17:34:17,2023-09-20 21:16:15,+58142011347,Inactive,https://cdn.cinescope.io/avatars/196.jpg
197,user0197,user0197@hotmail.com,hashed_225185,UK,45,M,Basic,4927,Thriller,2018-12-01 16:54:01,2024-09-18 18:38:55,+98795657637,Active,https://cdn.cinescope.io/avatars/197.jpg
198,user0198,user0198@hotmail.com,hashed_301945,Germany,66,M,Basic,273,Documentary,2023-02-23 23:57:03,2024-07-23 07:21:41,+66144882950,Banned,https://cdn.cinescope.io/avatars/198.jpg
199,user0199,user0199@outlook.com,hashed_210793,Germany,19,F,Premium,3398,Fantasy,2020-07-01 04:40:04,2023-05-14 14:53:27,+76733828679,Inactive,https://cdn.cinescope.io/avatars/199.jpg
200,user0200,user0200@yahoo.com,hashed_693475,India,38,M,Free,3744,Horror,2022-09-27 17:50:53,2024-10-23 23:20:38,+20857688834,Active,https://cdn.cinescope.io/avatars/200.jpg
201,user0201,user0201@yahoo.com,hashed_859162,Japan,36,F,Premium,2899,Animation,2023-02-25 13:25:22,2024-09-21 03:13:01,abc-def-ghij,Inactive,https://cdn.cinescope.io/avatars/201.jpg
202,user0202,user0202@proton.com,hashed_808221,Italy,19,F,Basic,2881,Action,2022-07-05 23:45:59,2024-04-26 04:49:08,+8425565329,Active,https://cdn.cinescope.io/avatars/202.jpg
203,user0203,user0203@gmail.com,hashed_679426,Spain,19,M,Basic,808,Thriller,2023-10-12 11:31:16,2024-09-13 03:32:47,+19391215808,Active,https://cdn.cinescope.io/avatars/203.jpg
204,user0204,user0204@hotmail.com,hashed_137892,India,30,Other,Basic,1153,Crime,2023-08-17 16:22:36,2023-10-06 00:27:39,+26719128907,Inactive,https://cdn.cinescope.io/avatars/204.jpg
205,user0205,user0205@hotmail.com,hashed_534935,UK,40,Other,Free,1137,Thriller,2021-09-08 02:51:11,2024-06-08 08:07:34,+26290889736,Active,https://cdn.cinescope.io/avatars/205.jpg
206,user0206,user0206@proton.com,hashed_765615,Spain,65,Other,Free,1318,Comedy,2022-01-03 14:31:05,2023-07-05 18:18:23,+91908091310,Active,https://cdn.cinescope.io/avatars/206.jpg
207,user0207,user0207@yahoo.com,hashed_334052,South Korea,30,M,Premium,2309,Adventure,2019-10-03 00:47:13,2023-04-24 22:07:52,+85914326328,Banned,https://cdn.cinescope.io/avatars/207.jpg
208,user0208,user0208@outlook.com,hashed_768098,USA,40,Other,Basic,2105,Animation,2021-11-21 04:48:03,2023-02-22 01:18:00,+96558436408,Banned,https://cdn.cinescope.io/avatars/208.jpg
209,user0209,user0209@yahoo.com,hashed_513433,USA,54,Other,Basic,3840,Adventure,2021-10-25 11:41:14,2023-12-10 04:08:20,+32896372046,Active,https://cdn.cinescope.io/avatars/209.jpg
210,user0210,user0210@proton.com,hashed_901296,Spain,62,M,Basic,3737,Horror,2020-08-22 10:03:10,2023-11-26 16:33:56,+79239234020,Inactive,https://cdn.cinescope.io/avatars/210.jpg
211,user0211,user0211@yahoo.com,hashed_338314,Brazil,46,M,Premium,3245,Adventure,2022-08-18 16:55:19,2023-01-25 23:50:42,+37665144268,Inactive,https://cdn.cinescope.io/avatars/211.jpg
212,user0212,user0212@outlook.com,hashed_687670,Germany,45,Other,Basic,3662,Animation,2018-07-19 22:46:53,2023-11-19 05:33:21,+89772005977,Active,https://cdn.cinescope.io/avatars/212.jpg
213,user0213,user0213@yahoo.com,hashed_425568,Italy,39,Other,Premium,3884,Fantasy,2020-07-24 14:41:28,2023-09-25 18:33:50,+7261290454,Inactive,https://cdn.cinescope.io/avatars/213.jpg
214,user0214,user0214@yahoo.com,hashed_441382,Canada,62,Other,Basic,4798,Comedy,2023-02-04 22:35:21,2024-03-08 20:21:40,+96184212164,Active,https://cdn.cinescope.io/avatars/214.jpg
215,user0215,user0215@gmail.com,hashed_244325,Italy,45,Other,Basic,2892,Horror,2022-10-16 21:29:36,2023-12-16 17:40:40,+59329527540,Active,https://cdn.cinescope.io/avatars/215.jpg
216,  user0216   ,invalid-email-no-at,hashed_131623,France,24,Other,Basic,3409,Fantasy,2018-07-06 10:05:20,2024-06-19 10:06:16,+71871052837,Banned,https://cdn.cinescope.io/avatars/216.jpg
217,user0217,user0217@gmail.com,hashed_803270,USA,13,M,Premium,2172,Crime,2020-09-23 15:57:11,2024-03-22 05:30:54,+51578142426,Banned,https://cdn.cinescope.io/avatars/217.jpg
218,user0218,user0218@hotmail.com,hashed_466551,Brazil,52,F,Premium,1625,Action,2020-02-15 03:37:29,2023-12-11 02:11:41,+93843313228,Active,https://cdn.cinescope.io/avatars/218.jpg
219,user0219,user0219@hotmail.com,hashed_491264,Australia,43,F,Basic,1742,Horror,2023-03-13 10:34:54,2024-06-02 06:42:04,+31451700529,Active,https://cdn.cinescope.io/avatars/219.jpg
220,user0220,user0220@hotmail.com,hashed_593158,Spain,70,Other,Premium,1493,Documentary,2018-07-03 21:36:38,2023-08-27 08:25:25,+76569873007,Banned,https://cdn.cinescope.io/avatars/220.jpg
221,user0221,user0221@outlook.com,hashed_932207,Brazil,20,M,Basic,1886,Sci-Fi,2021-07-17 21:51:15,2023-04-05 11:48:12,+64993916922,Inactive,https://cdn.cinescope.io/avatars/221.jpg
222,user0222,user0222@proton.com,hashed_871675,Italy,33,Other,Free,3887,Documentary,2018-12-02 21:31:11,2023-11-20 09:51:29,+19489131557,Inactive,https://cdn.cinescope.io/avatars/222.jpg
223,user0223,user0223@hotmail.com,hashed_292323,Australia,29,Other,Premium,4976,Thriller,2023-07-22 07:06:49,2024-03-28 14:21:25,+54904409126,Banned,https://cdn.cinescope.io/avatars/223.jpg
224,user0224,user0224@hotmail.com,hashed_760128,Canada,38,F,Free,135,Action,2023-07-07 12:09:45,2023-01-12 21:04:24,+75918248737,Inactive,https://cdn.cinescope.io/avatars/224.jpg
225,user0225,user0225@gmail.com,hashed_987992,Australia,32,Other,Free,740,Thriller,2023-11-12 06:55:59,2024-12-21 21:40:15,+60895607002,Banned,https://cdn.cinescope.io/avatars/225.jpg
226,user0226,user0226@outlook.com,hashed_902602,Canada,60,Other,Basic,3609,Animation,2021-12-02 10:23:19,2023-08-03 05:44:37,+21618328119,Banned,https://cdn.cinescope.io/avatars/226.jpg
227,user0227,user0227@outlook.com,hashed_291974,,55,M,Premium,2025,Thriller,2023-02-07 04:25:32,2023-08-27 08:26:01,+77203185610,Active,https://cdn.cinescope.io/avatars/227.jpg
228,user0228,user0228@gmail.com,hashed_477179,Spain,57,M,Premium,4976,Drama,2022-05-06 22:40:41,2024-02-24 18:22:50,+98685213836,Inactive,https://cdn.cinescope.io/avatars/228.jpg
229,user0229,user0229@gmail.com,hashed_262674,Germany,36,M,Premium,4479,Sci-Fi,2022-08-22 00:55:57,2024-04-01 21:09:49,+86491472786,Active,https://cdn.cinescope.io/avatars/229.jpg
230,user0230,user0230@proton.com,hashed_346978,South Korea,47,F,Premium,4078,Drama,2020-12-07 11:51:57,2024-05-16 05:26:33,+92290412921,Banned,https://cdn.cinescope.io/avatars/230.jpg
231,user0231,user0231@hotmail.com,hashed_436549,USA,22,Other,Free,841,Action,2018-09-12 23:43:03,2023-09-16 10:25:47,+64385704053,Inactive,https://cdn.cinescope.io/avatars/231.jpg
232,user0232,user0232@hotmail.com,hashed_112559,South Korea,19,M,Premium,4555,Crime,2021-08-20 15:51:16,2024-08-14 02:37:13,+96827620263,Inactive,https://cdn.cinescope.io/avatars/232.jpg
233,user0233,user0233@proton.com,hashed_970397,Italy,31,F,Basic,1984,Thriller,2019-05-27 14:28:17,2024-04-07 15:36:57,+94688467737,Active,https://cdn.cinescope.io/avatars/233.jpg
234,user0234,user0234@yahoo.com,hashed_220002,Canada,35,M,Free,1790,Animation,2020-04-18 20:31:15,2024-06-02 10:10:07,+89562143029,Banned,https://cdn.cinescope.io/avatars/234.jpg
235,user0235,invalid-email-no-at,hashed_536950,USA,68,Other,Premium,3498,Comedy,2022-02-09 11:37:31,2024-04-14 12:01:36,+82104192805,Banned,https://cdn.cinescope.io/avatars/235.jpg
236,user0236,user0236@hotmail.com,hashed_608233,Brazil,40,F,Free,3614,Crime,2022-09-12 16:28:51,2024-09-24 19:43:43,+78697698241,Inactive,https://cdn.cinescope.io/avatars/236.jpg
237,user0237,user0237@hotmail.com,hashed_365463,Japan,63,Other,Premium,3197,Drama,2021-04-28 18:20:11,2024-08-09 15:30:30,+32221581383,Inactive,https://cdn.cinescope.io/avatars/237.jpg
238,user0238,user0238@yahoo.com,hashed_640240,Spain,37,M,Premium,666,Documentary,2022-09-16 10:23:31,2023-03-24 05:52:38,+21185210949,Active,https://cdn.cinescope.io/avatars/238.jpg
239,user0239,user0239@gmail.com,hashed_875357,France,37,F,Premium,2984,Horror,2018-06-24 18:04:36,2023-05-10 05:18:26,abc-def-ghij,Active,https://cdn.cinescope.io/avatars/239.jpg
240,user0240,user0240@outlook.com,hashed_158012,Italy,25,F,Free,3018,Fantasy,2021-06-27 18:42:34,2023-10-13 05:32:11,+18302340023,Banned,https://cdn.cinescope.io/avatars/240.jpg
241,user0241,user0241@gmail.com,hashed_759770,South Korea,45,Other,Premium,1198,Adventure,2021-04-15 13:15:03,2024-08-08 18:41:52,+1664087343,Banned,https://cdn.cinescope.io/avatars/241.jpg
242,user0242,user0242@yahoo.com,hashed_697041,Spain,33,F,Free,452,Crime,2023-05-09 11:42:02,2024-12-05 19:25:10,abc-def-ghij,Banned,https://cdn.cinescope.io/avatars/242.jpg
243,user0243,user0243@gmail.com,hashed_823240,UK,22,F,Premium,1297,Sci-Fi,2020-07-08 00:21:39,2024-11-03 23:22:27,+3573996061,Inactive,https://cdn.cinescope.io/avatars/243.jpg
244,user0244,user0244@gmail.com,hashed_908081,Brazil,41,M,Basic,2586,Documentary,2018-12-19 17:29:42,2023-09-22 16:19:00,+57443047374,Inactive,https://cdn.cinescope.io/avatars/244.jpg
245,user0245,user0245@hotmail.com,hashed_482275,Germany,34,Other,Premium,3909,Comedy,2021-09-07 19:23:02,2024-12-23 00:22:05,+98315265427,Active,https://cdn.cinescope.io/avatars/245.jpg
246,user0246,user0246@gmail.com,hashed_660704,France,48,M,Premium,3685,Action,2019-08-28 16:59:21,2023-08-19 17:49:09,+54581502666,Active,https://cdn.cinescope.io/avatars/246.jpg
247,user0247,user0247@hotmail.com,hashed_596116,France,13,F,Premium,1574,Fantasy,2018-09-12 16:13:02,2024-09-09 21:58:32,+93715795808,Active,https://cdn.cinescope.io/avatars/247.jpg
248,user0248,user0248@outlook.com,hashed_269746,Germany,40,F,Premium,3389,Action,2021-08-16 11:59:22,2024-08-26 07:47:58,+98653933211,Inactive,https://cdn.cinescope.io/avatars/248.jpg
249,user0249,user0249@hotmail.com,hashed_801590,Spain,55,M,Basic,97,Horror,2018-03-11 22:52:51,2023-01-21 17:58:20,+1441934602,Inactive,https://cdn.cinescope.io/avatars/249.jpg
250,user0250,user0250@proton.com,hashed_477266,Spain,15,Other,Free,1252,Horror,2018-01-26 09:05:23,2023-08-24 09:37:15,+28467877098,Active,https://cdn.cinescope.io/avatars/250.jpg
251,user0251,user0251@outlook.com,hashed_962073,France,53,F,Premium,3132,Romance,2018-04-21 09:01:45,2024-08-22 20:22:02,+67820606401,Active,https://cdn.cinescope.io/avatars/251.jpg
252,user0252,user0252@gmail.com,hashed_771845,India,21,Other,Basic,189,Romance,2022-10-22 01:59:41,2024-05-20 09:39:15,+40460471406,Inactive,https://cdn.cinescope.io/avatars/252.jpg
253,user0253,user0253@outlook.com,hashed_630798,USA,27,Other,Basic,1729,Documentary,2019-07-10 15:08:55,2023-05-12 10:49:32,+95847337040,Banned,https://cdn.cinescope.io/avatars/253.jpg
254,user0254,user0254@gmail.com,hashed_920351,Japan,55,M,Basic,2229,Crime,2023-10-21 22:26:25,2023-11-20 01:49:02,+68883347941,Banned,https://cdn.cinescope.io/avatars/254.jpg
255,user0255,user0255@gmail.com,hashed_119061,Japan,68,Other,Premium,4454,Adventure,2021-08-21 05:53:20,2023-05-01 21:36:24,+28735330599,Active,https://cdn.cinescope.io/avatars/255.jpg
256,user0256,user0256@outlook.com,hashed_621998,USA,45,M,Basic,3328,Documentary,2022-02-08 00:14:54,2024-07-20 03:43:11,+75638977346,Banned,https://cdn.cinescope.io/avatars/256.jpg
257,user0257,user0257@gmail.com,hashed_528714,Italy,36,F,Free,915,Comedy,2020-04-14 03:08:28,2024-10-17 14:25:11,+13509119456,Active,https://cdn.cinescope.io/avatars/257.jpg
258,user0258,user0258@proton.com,hashed_424093,Spain,15,Other,Free,4620,Crime,2022-10-26 14:07:29,2023-11-08 02:48:21,+64950167518,Inactive,https://cdn.cinescope.io/avatars/258.jpg
259,user0259,user0259@gmail.com,hashed_967149,France,71,F,Basic,717,Romance,2020-01-28 08:16:49,2023-06-06 13:16:18,+5398226490,Inactive,https://cdn.cinescope.io/avatars/259.jpg
260,user0260,user0260@proton.com,hashed_725023,Japan,36,F,Free,4696,Drama,2019-12-27 14:35:02,2024-10-17 15:53:27,+19743810315,Active,https://cdn.cinescope.io/avatars/260.jpg
261,user0261,user0261@gmail.com,hashed_511227,South Korea,32,M,Basic,3415,Action,2023-08-10 21:43:07,2024-07-09 08:00:50,+71967555904,Active,https://cdn.cinescope.io/avatars/261.jpg
262,user0262,user0262@outlook.com,hashed_470379,South Korea,48,M,Free,3524,Adventure,2019-02-07 17:16:07,2024-06-03 00:36:42,+25478283324,Inactive,https://cdn.cinescope.io/avatars/262.jpg
263,user0263,user0263@hotmail.com,hashed_455748,USA,70,Other,Premium,505,Documentary,2020-11-17 05:44:00,2024-03-16 02:09:25,+81488724388,Active,https://cdn.cinescope.io/avatars/263.jpg
264,user0264,user0264@yahoo.com,hashed_612452,India,59,M,Free,3331,Animation,2019-08-08 07:09:56,2024-03-15 14:58:46,+89812920613,Inactive,https://cdn.cinescope.io/avatars/264.jpg
265,user0265,user0265@outlook.com,hashed_229626,Canada,31,F,Premium,3656,Crime,2023-08-25 09:37:43,2023-10-10 08:38:39,+79460501418,Active,https://cdn.cinescope.io/avatars/265.jpg
266,user0266,user0266@gmail.com,hashed_969535,Brazil,38,F,Premium,2135,Adventure,2022-01-22 10:14:25,2024-08-21 16:13:48,+63472135301,Active,https://cdn.cinescope.io/avatars/266.jpg
267,user0267,user0267@gmail.com,hashed_316418,France,51,M,Basic,1993,Horror,2018-04-18 21:34:14,2023-04-04 20:20:50,+51232545207,Banned,https://cdn.cinescope.io/avatars/267.jpg
268,user0268,user0268@gmail.com,hashed_111881,UK,21,Other,Free,976,Fantasy,2019-09-17 22:47:58,2024-04-03 03:22:17,+14527363322,Banned,https://cdn.cinescope.io/avatars/268.jpg
269,user0269,user0269@yahoo.com,hashed_948423,France,50,M,Free,3093,Romance,2018-09-14 05:15:45,2024-06-02 09:25:02,+70201197210,Active,https://cdn.cinescope.io/avatars/269.jpg
270,user0270,user0270@outlook.com,hashed_618475,India,21,M,Basic,858,Crime,2022-12-05 13:41:06,2023-06-02 13:08:04,+84287463791,Active,https://cdn.cinescope.io/avatars/270.jpg
271,user0271,user0271@proton.com,hashed_710202,Spain,14,F,Free,4288,Drama,2018-10-20 15:41:22,2023-07-17 12:26:59,+10446902546,Inactive,https://cdn.cinescope.io/avatars/271.jpg
272,user0272,user0272@gmail.com,hashed_684217,Australia,20,F,Free,3625,Thriller,2021-04-02 16:43:29,2023-05-25 06:37:01,+28549626945,Active,https://cdn.cinescope.io/avatars/272.jpg
273,user0273,invalid-email-no-at,hashed_928870,Brazil,24,F,Free,3951,Action,2023-03-21 09:31:18,2024-11-15 19:33:45,+20128095655,Banned,https://cdn.cinescope.io/avatars/273.jpg
274,user0274,user0274@proton.com,hashed_222897,South Korea,22,Other,Free,1416,Comedy,2022-08-22 21:11:49,2024-05-02 03:18:37,+9348073574,Banned,https://cdn.cinescope.io/avatars/274.jpg
275,user0275,user0275@yahoo.com,hashed_346126,Australia,47,F,Basic,2957,Fantasy,2020-08-18 01:03:30,2023-12-09 13:13:25,+38625384974,Inactive,https://cdn.cinescope.io/avatars/275.jpg
276,user0276,user0276@proton.com,hashed_769542,Australia,14,F,Basic,4457,Thriller,2022-08-12 01:00:55,2024-12-15 01:39:37,+31613292490,Active,https://cdn.cinescope.io/avatars/276.jpg
277,user0277,user0277@yahoo.com,hashed_338049,South Korea,58,Other,Free,2316,Thriller,2019-04-04 11:43:26,2024-05-01 03:03:05,+19201994531,Inactive,https://cdn.cinescope.io/avatars/277.jpg
278,user0278,user0278@outlook.com,hashed_318943,South Korea,67,F,Free,1426,Romance,2018-11-19 06:04:24,2024-03-25 12:25:53,+80827114473,Active,https://cdn.cinescope.io/avatars/278.jpg
279,user0279,user0279@yahoo.com,hashed_263749,Germany,17,F,Free,3677,Drama,2022-10-10 10:29:58,2024-01-11 03:38:42,+13414429175,Banned,https://cdn.cinescope.io/avatars/279.jpg
280,user0280,user0280@proton.com,hashed_105955,South Korea,41,M,Premium,2933,Comedy,2021-04-12 19:23:05,2024-07-08 11:11:16,+71179030395,Active,https://cdn.cinescope.io/avatars/280.jpg
281,user0281,user0281@yahoo.com,hashed_652868,Italy,19,M,Basic,3393,Sci-Fi,2023-07-01 05:18:37,2023-04-12 14:28:28,+4261138982,Inactive,https://cdn.cinescope.io/avatars/281.jpg
282,user0282,user0282@gmail.com,hashed_453507,Germany,58,F,Premium,4040,Adventure,2023-06-06 12:07:20,2024-09-20 22:58:54,+75147078031,Banned,https://cdn.cinescope.io/avatars/282.jpg
283,user0283,user0283@proton.com,hashed_361383,France,19,F,Free,766,Drama,2020-03-24 08:07:10,2024-12-26 16:19:23,+15530617934,Inactive,https://cdn.cinescope.io/avatars/283.jpg
284,user0284,user0284@outlook.com,hashed_877070,Spain,69,Other,Basic,757,Fantasy,2018-11-14 12:38:20,2024-06-21 01:34:22,+10822408035,Inactive,https://cdn.cinescope.io/avatars/284.jpg
285,user0285,user0285@gmail.com,hashed_616864,Italy,18,F,Free,3169,Drama,2019-11-02 03:06:43,2023-08-07 17:14:54,+1231260651,Active,https://cdn.cinescope.io/avatars/285.jpg
286,  user0286   ,user0286@proton.com,hashed_356262,South Korea,37,F,Basic,2126,Action,2018-02-19 02:42:49,2024-05-28 04:49:25,+84194325978,Banned,https://cdn.cinescope.io/avatars/286.jpg
287,user0287,user0287@gmail.com,hashed_405039,France,68,F,Free,2221,Adventure,2019-05-22 22:53:04,2023-05-16 10:56:18,+57693731274,Banned,https://cdn.cinescope.io/avatars/287.jpg
288,user0288,user0288@outlook.com,hashed_233095,Germany,16,Other,Basic,2407,Comedy,2023-02-26 02:27:58,2024-07-02 07:33:51,+19395011150,Banned,https://cdn.cinescope.io/avatars/288.jpg
289,user0289,user0289@hotmail.com,hashed_822935,Italy,22,M,Basic,2348,Romance,2020-06-07 07:06:27,2024-10-26 10:00:27,+90462860313,Active,https://cdn.cinescope.io/avatars/289.jpg
290,user0290,user0290@hotmail.com,hashed_598917,Australia,27,Other,Premium,2380,Crime,2021-12-26 07:40:06,2023-08-18 19:54:43,+37211025086,Active,https://cdn.cinescope.io/avatars/290.jpg
291,user0291,user0291@outlook.com,hashed_884011,Italy,48,Other,Free,112,Horror,2018-12-22 10:40:54,2024-11-10 15:19:53,+74997230074,Inactive,https://cdn.cinescope.io/avatars/291.jpg
292,user0292,user0292@yahoo.com,hashed_784751,Canada,40,Other,Basic,282,Drama,2023-07-17 11:09:53,2024-04-03 21:51:53,+90339333300,Banned,https://cdn.cinescope.io/avatars/292.jpg
293,  user0293   ,user0293@outlook.com,hashed_690881,Germany,18,Other,Free,4246,Sci-Fi,2022-07-18 18:44:28,2024-11-01 23:39:22,+41152378652,Active,https://cdn.cinescope.io/avatars/293.jpg
294,user0294,invalid-email-no-at,hashed_728058,South Korea,49,M,Premium,552,Documentary,2020-08-24 04:24:25,2023-07-07 23:56:38,+93945939234,Banned,https://cdn.cinescope.io/avatars/294.jpg
295,user0295,user0295@yahoo.com,hashed_382495,USA,59,Other,Premium,3123,Comedy,2023-08-17 20:57:57,2023-09-18 23:47:41,+55782306694,Active,https://cdn.cinescope.io/avatars/295.jpg
296,user0296,user0296@outlook.com,hashed_800178,France,50,F,Premium,1143,Documentary,2019-03-07 07:05:11,2024-07-16 15:08:22,+26195595141,Active,https://cdn.cinescope.io/avatars/296.jpg
297,user0297,user0297@yahoo.com,hashed_283357,Brazil,20,F,Free,1552,Horror,2019-08-21 22:31:12,2023-04-11 20:31:14,+45912466595,Banned,https://cdn.cinescope.io/avatars/297.jpg
298,user0298,user0298@outlook.com,hashed_857522,,29,M,Free,3598,Fantasy,2019-08-09 03:23:41,2024-02-20 22:39:18,+24942199134,Active,https://cdn.cinescope.io/avatars/298.jpg
299,user0299,user0299@hotmail.com,hashed_988054,South Korea,68,Other,Free,4707,Sci-Fi,2020-12-28 23:43:35,2024-08-20 22:38:14,+85453568596,Inactive,https://cdn.cinescope.io/avatars/299.jpg
300,user0300,user0300@hotmail.com,hashed_575876,UK,59,Other,Free,3459,Crime,2018-03-19 04:05:15,2024-02-04 21:56:40,+24624591017,Active,https://cdn.cinescope.io/avatars/300.jpg
301,user0301,user0301@yahoo.com,hashed_491072,Australia,68,F,Basic,4724,Horror,2022-05-23 23:56:06,2023-04-05 23:08:11,abc-def-ghij,Active,https://cdn.cinescope.io/avatars/301.jpg
302,user0302,user0302@yahoo.com,hashed_437383,Brazil,43,M,Premium,4714,Horror,2019-10-27 03:15:30,2023-09-12 17:56:28,+72619793966,Banned,https://cdn.cinescope.io/avatars/302.jpg
303,user0303,user0303@yahoo.com,hashed_544859,Brazil,21,F,Premium,443,Documentary,2018-10-26 19:13:28,2023-06-04 19:14:04,+22233029957,Inactive,https://cdn.cinescope.io/avatars/303.jpg
304,user0304,user0304@proton.com,hashed_943141,Germany,25,F,Premium,2279,Crime,2021-12-26 07:34:07,2023-04-26 06:28:03,+92742707475,Banned,https://cdn.cinescope.io/avatars/304.jpg
305,user0305,user0305@hotmail.com,hashed_423576,USA,44,M,Free,2628,Thriller,2020-06-21 16:33:08,2023-05-18 23:06:42,+51281516482,Active,https://cdn.cinescope.io/avatars/305.jpg
306,user0306,invalid-email-no-at,hashed_343628,India,16,M,Premium,4382,Horror,2021-08-19 17:48:10,2024-09-16 23:22:14,+72970939556,Inactive,https://cdn.cinescope.io/avatars/306.jpg
307,user0307,user0307@gmail.com,hashed_991114,Germany,15,F,Free,3123,Romance,2021-11-16 01:41:56,2024-04-25 07:05:06,+55926936366,Banned,https://cdn.cinescope.io/avatars/307.jpg
308,user0308,user0308@gmail.com,hashed_718956,South Korea,27,M,Premium,2006,Animation,2019-12-04 06:16:43,2023-04-16 15:39:04,+90200178903,Inactive,https://cdn.cinescope.io/avatars/308.jpg
309,user0309,user0309@gmail.com,hashed_128816,Italy,47,Other,Free,416,Action,2020-06-17 04:02:30,2023-02-13 05:53:17,+28621457795,Inactive,https://cdn.cinescope.io/avatars/309.jpg
310,user0310,user0310@hotmail.com,hashed_254592,South Korea,71,F,Free,3478,Sci-Fi,2019-10-22 19:01:21,2023-07-26 14:39:40,+56700093427,Active,https://cdn.cinescope.io/avatars/310.jpg
311,user0311,invalid-email-no-at,hashed_135867,Canada,48,Other,Premium,185,Thriller,2020-12-23 10:00:58,2023-10-20 13:34:55,+58270624866,Banned,https://cdn.cinescope.io/avatars/311.jpg
312,user0312,user0312@hotmail.com,hashed_880263,Brazil,62,M,Premium,3663,Horror,2020-03-02 10:16:03,2024-02-12 22:42:20,+56450729132,Inactive,https://cdn.cinescope.io/avatars/312.jpg
313,user0313,user0313@outlook.com,hashed_222728,Brazil,44,F,Premium,4888,Crime,2019-01-01 02:14:56,2024-11-03 09:55:02,+36110329141,Inactive,https://cdn.cinescope.io/avatars/313.jpg
314,user0314,user0314@proton.com,hashed_367222,Japan,35,F,Premium,2108,Action,2018-01-02 09:02:01,2024-12-14 08:54:22,abc-def-ghij,Inactive,https://cdn.cinescope.io/avatars/314.jpg
315,user0315,user0315@proton.com,hashed_661501,Spain,36,F,Free,2310,Documentary,2022-10-05 09:25:27,2023-06-15 13:03:05,+68950333540,Active,https://cdn.cinescope.io/avatars/315.jpg
316,user0316,user0316@proton.com,hashed_631777,France,70,M,Basic,2890,Comedy,2023-11-12 01:35:43,2023-06-19 10:38:01,+61746863028,Inactive,https://cdn.cinescope.io/avatars/316.jpg
317,user0317,user0317@yahoo.com,hashed_174069,Spain,53,F,Premium,2248,Animation,2021-12-22 12:56:12,2023-11-02 22:57:14,+3571579289,Active,https://cdn.cinescope.io/avatars/317.jpg
318,user0318,user0318@yahoo.com,hashed_422216,Italy,45,F,Basic,2277,Romance,2022-07-10 11:48:41,2023-05-22 09:05:42,+59531644821,Banned,https://cdn.cinescope.io/avatars/318.jpg
319,user0319,user0319@yahoo.com,hashed_933787,Germany,53,M,Basic,2285,Animation,2023-10-27 22:10:49,2024-12-23 10:36:05,+99172274138,Banned,https://cdn.cinescope.io/avatars/319.jpg
320,user0320,user0320@hotmail.com,hashed_420601,USA,49,Other,Basic,3149,Sci-Fi,2022-05-13 07:56:50,2023-11-24 09:35:47,+39669375849,Banned,https://cdn.cinescope.io/avatars/320.jpg
321,user0321,user0321@outlook.com,hashed_798434,Australia,43,F,Basic,4687,Animation,2019-08-17 01:20:15,2024-03-12 03:36:06,+83611735518,Banned,https://cdn.cinescope.io/avatars/321.jpg
322,user0322,user0322@outlook.com,hashed_556358,Spain,57,F,Free,668,Fantasy,2018-10-07 11:10:24,2024-03-11 18:42:41,+17677918798,Banned,https://cdn.cinescope.io/avatars/322.jpg
323,user0323,user0323@yahoo.com,hashed_116248,India,39,F,Basic,4711,Drama,2018-11-12 20:27:46,2023-12-19 20:42:52,+56722094605,Inactive,https://cdn.cinescope.io/avatars/323.jpg
324,user0324,user0324@outlook.com,hashed_604698,France,35,F,Basic,453,Comedy,2020-12-01 22:05:23,2024-05-09 19:18:02,+39397933961,Banned,https://cdn.cinescope.io/avatars/324.jpg
325,user0325,user0325@proton.com,hashed_488185,Italy,26,F,Basic,2188,Adventure,2022-05-12 10:46:21,2024-07-27 21:26:13,+69444358419,Active,https://cdn.cinescope.io/avatars/325.jpg
326,user0326,user0326@hotmail.com,hashed_127666,Canada,73,M,Free,3680,Comedy,2021-12-16 04:33:40,2023-08-13 18:20:43,+24103461826,Banned,https://cdn.cinescope.io/avatars/326.jpg
327,user0327,user0327@proton.com,hashed_265246,Brazil,75,F,Basic,187,Thriller,2021-07-26 19:34:01,2023-08-14 21:56:19,+92696273026,Inactive,https://cdn.cinescope.io/avatars/327.jpg
328,user0328,user0328@proton.com,hashed_399337,Germany,15,M,Basic,4941,Romance,2018-07-12 07:30:31,2024-11-17 08:08:17,+99744316130,Inactive,https://cdn.cinescope.io/avatars/328.jpg
329,user0329,user0329@gmail.com,hashed_508515,Germany,40,Other,Basic,177,Crime,2021-03-11 19:11:22,2023-02-13 19:04:22,+37705860210,Inactive,https://cdn.cinescope.io/avatars/329.jpg
330,user0330,user0330@proton.com,hashed_156068,Spain,14,Other,Free,1611,Thriller,2023-05-27 23:37:01,2023-04-25 15:19:14,+8615780767,Active,https://cdn.cinescope.io/avatars/330.jpg
331,user0331,user0331@outlook.com,hashed_395076,France,18,Other,Basic,4728,Crime,2020-10-20 03:07:41,2023-10-28 09:26:57,+92288538708,Inactive,https://cdn.cinescope.io/avatars/331.jpg
332,user0332,user0332@gmail.com,hashed_728676,France,71,F,Premium,2858,Drama,2018-11-05 00:51:12,2023-10-27 23:03:23,+14682397116,Banned,https://cdn.cinescope.io/avatars/332.jpg
333,user0333,user0333@outlook.com,hashed_327376,Canada,31,M,Premium,1702,Adventure,2021-06-28 21:47:56,2024-03-17 16:19:24,+88564622361,Active,https://cdn.cinescope.io/avatars/333.jpg
334,user0334,user0334@outlook.com,hashed_440266,USA,13,Other,Free,3674,Animation,2019-11-26 02:29:36,2023-02-13 05:22:02,+31429092339,Inactive,https://cdn.cinescope.io/avatars/334.jpg
335,user0335,user0335@hotmail.com,hashed_982796,Australia,56,Other,Premium,2015,Adventure,2021-03-13 17:45:29,2024-10-08 23:32:56,+55576219837,Banned,https://cdn.cinescope.io/avatars/335.jpg
336,user0336,user0336@proton.com,hashed_652146,Italy,45,F,Basic,2106,Animation,2022-07-20 02:03:18,2023-08-13 22:55:54,+35738353691,Active,https://cdn.cinescope.io/avatars/336.jpg
337,user0337,user0337@proton.com,hashed_885748,Japan,33,F,Free,608,Crime,2022-01-05 00:18:01,2024-02-23 00:29:51,+80952956314,Active,https://cdn.cinescope.io/avatars/337.jpg
338,user0338,user0338@proton.com,hashed_821919,Germany,72,M,Basic,2985,Animation,2022-02-10 19:25:14,2024-06-01 02:37:13,+77932785308,Inactive,https://cdn.cinescope.io/avatars/338.jpg
339,user0339,user0339@yahoo.com,hashed_439004,India,38,F,Free,750,Thriller,2021-01-23 01:46:44,2023-11-23 14:17:36,+85185319563,Active,https://cdn.cinescope.io/avatars/339.jpg
340,  user0340   ,user0340@gmail.com,hashed_623940,,73,M,Premium,3647,Thriller,2021-04-08 19:30:51,2023-02-27 00:06:42,+58485967859,Inactive,https://cdn.cinescope.io/avatars/340.jpg
341,user0341,user0341@proton.com,hashed_746531,UK,23,Other,Premium,2138,Action,2018-07-03 06:33:24,2024-05-28 22:37:27,+21182408784,Inactive,https://cdn.cinescope.io/avatars/341.jpg
342,user0342,user0342@gmail.com,hashed_384002,Germany,59,M,Basic,3858,Drama,2018-09-23 00:50:02,2024-06-02 02:57:20,+84436180331,Banned,https://cdn.cinescope.io/avatars/342.jpg
343,user0343,user0343@yahoo.com,hashed_952177,Australia,66,M,Basic,3327,Fantasy,2019-12-28 08:50:59,2024-08-20 13:26:03,+91220801905,Inactive,https://cdn.cinescope.io/avatars/343.jpg
344,user0344,user0344@hotmail.com,hashed_108629,Japan,32,F,Basic,466,Romance,2022-05-22 23:44:32,2024-02-25 23:48:31,+43503752679,Inactive,https://cdn.cinescope.io/avatars/344.jpg
345,user0345,user0345@hotmail.com,hashed_214682,France,48,M,Basic,454,Sci-Fi,2022-01-03 18:31:42,2024-06-16 01:35:10,+95656437481,Inactive,https://cdn.cinescope.io/avatars/345.jpg
346,user0346,user0346@outlook.com,hashed_869782,Japan,32,F,Premium,1125,Fantasy,2020-03-24 12:31:50,2023-09-18 01:44:22,+49450146178,Active,https://cdn.cinescope.io/avatars/346.jpg
347,user0347,user0347@gmail.com,hashed_535212,UK,29,Other,Basic,352,Horror,2019-05-03 13:46:36,2023-05-05 00:28:24,+16344094414,Banned,https://cdn.cinescope.io/avatars/347.jpg
348,user0348,user0348@proton.com,hashed_377535,Germany,49,F,Free,1848,Fantasy,2023-11-26 14:25:26,2023-11-02 10:16:07,+84111392053,Inactive,https://cdn.cinescope.io/avatars/348.jpg
349,  user0349   ,user0349@gmail.com,hashed_821222,Spain,74,M,Premium,4398,Action,2018-08-16 17:16:11,2024-06-12 14:27:06,+4955271611,Banned,https://cdn.cinescope.io/avatars/349.jpg
350,user0350,user0350@outlook.com,hashed_237601,Brazil,59,M,Free,4532,Thriller,2020-10-28 03:16:13,2023-11-19 04:07:23,+62958077395,Active,https://cdn.cinescope.io/avatars/350.jpg
351,user0351,user0351@outlook.com,hashed_305813,Italy,42,F,Premium,445,Documentary,2023-10-04 05:43:49,2023-06-19 18:51:17,+96490352097,Inactive,https://cdn.cinescope.io/avatars/351.jpg
352,user0352,user0352@outlook.com,hashed_665706,USA,55,M,Basic,3317,Comedy,2018-09-07 13:06:47,2023-09-18 01:09:22,+99519919177,Inactive,https://cdn.cinescope.io/avatars/352.jpg
353,user0353,user0353@gmail.com,hashed_785528,Italy,42,M,Free,3044,Sci-Fi,2022-06-20 03:20:07,2024-08-13 02:27:45,+52796785416,Inactive,https://cdn.cinescope.io/avatars/353.jpg
354,user0354,user0354@yahoo.com,hashed_515831,Brazil,67,M,Free,2947,Thriller,2021-09-16 06:59:09,2023-10-05 05:20:55,+52964574801,Inactive,https://cdn.cinescope.io/avatars/354.jpg
355,user0355,user0355@hotmail.com,hashed_742286,Spain,72,F,Free,4578,Animation,2018-09-07 20:56:18,2023-01-02 20:00:27,+71121066875,Inactive,https://cdn.cinescope.io/avatars/355.jpg
356,user0356,user0356@hotmail.com,hashed_352546,Brazil,63,Other,Free,223,Action,2020-07-02 07:44:51,2024-11-23 13:00:45,+66408374649,Banned,https://cdn.cinescope.io/avatars/356.jpg
357,user0357,user0357@proton.com,hashed_692689,Australia,36,Other,Free,2331,Horror,2021-10-02 20:53:20,2023-01-09 15:00:08,+81633111772,Inactive,https://cdn.cinescope.io/avatars/357.jpg
358,user0358,user0358@proton.com,hashed_297208,USA,62,M,Basic,409,Drama,2022-09-11 15:21:19,2024-04-18 16:49:00,+21589030454,Banned,https://cdn.cinescope.io/avatars/358.jpg
359,user0359,user0359@hotmail.com,hashed_625728,South Korea,41,M,Basic,2578,Thriller,2019-01-12 22:08:34,2024-02-11 11:57:03,+40126158206,Active,https://cdn.cinescope.io/avatars/359.jpg
360,user0360,user0360@yahoo.com,hashed_679713,India,61,F,Free,2960,Drama,2019-10-24 22:07:56,2024-02-17 00:22:47,+33602634693,Active,https://cdn.cinescope.io/avatars/360.jpg
361,  user0361   ,user0361@hotmail.com,hashed_370838,Australia,75,F,Premium,3061,Drama,2020-07-19 19:58:53,2023-04-26 04:30:26,+3865776473,Banned,https://cdn.cinescope.io/avatars/361.jpg
362,user0362,user0362@proton.com,hashed_378112,Spain,42,Other,Free,344,Fantasy,2019-11-12 05:54:13,2023-07-02 11:26:12,+49703180271,Inactive,https://cdn.cinescope.io/avatars/362.jpg
363,user0363,user0363@gmail.com,hashed_313475,Spain,67,F,Premium,709,Comedy,2023-06-18 02:36:14,2024-07-19 09:55:12,+20423915139,Inactive,https://cdn.cinescope.io/avatars/363.jpg
364,user0364,user0364@hotmail.com,hashed_789739,Japan,74,F,Premium,4883,Horror,2020-07-18 03:23:02,2024-02-10 12:44:14,+55475749951,Banned,https://cdn.cinescope.io/avatars/364.jpg
365,user0365,user0365@gmail.com,hashed_918996,Germany,56,M,Free,1625,Action,2020-03-26 06:15:52,2023-12-17 16:40:48,+80691193027,Active,https://cdn.cinescope.io/avatars/365.jpg
366,user0366,user0366@gmail.com,hashed_740241,Brazil,22,F,Free,2117,Action,2018-05-08 17:58:27,2024-07-17 09:29:02,+50104367264,Inactive,https://cdn.cinescope.io/avatars/366.jpg
367,user0367,user0367@yahoo.com,hashed_630830,Canada,40,M,Basic,4124,Action,2020-04-16 06:33:03,2023-04-07 01:36:29,+95272005110,Active,https://cdn.cinescope.io/avatars/367.jpg
368,user0368,user0368@gmail.com,hashed_152822,Australia,36,M,Premium,3245,Comedy,2018-01-19 16:42:40,2024-04-13 14:33:59,+75681976074,Banned,https://cdn.cinescope.io/avatars/368.jpg
369,user0369,user0369@yahoo.com,hashed_701861,,37,F,Premium,4289,Drama,2019-08-19 01:19:46,2023-06-06 17:43:17,+84173037121,Inactive,https://cdn.cinescope.io/avatars/369.jpg
370,user0370,user0370@hotmail.com,hashed_571425,Canada,53,F,Free,4994,Animation,2022-08-01 06:07:02,2023-09-07 08:35:46,+3553430175,Active,https://cdn.cinescope.io/avatars/370.jpg
371,user0371,user0371@proton.com,hashed_578207,India,73,F,Premium,2020,Thriller,2020-07-26 10:34:24,2024-12-21 04:24:03,+45878922249,Active,https://cdn.cinescope.io/avatars/371.jpg
372,user0372,user0372@gmail.com,hashed_543020,Brazil,32,M,Basic,4963,Fantasy,2021-11-22 09:14:40,2023-09-16 23:35:00,+86641546265,Banned,https://cdn.cinescope.io/avatars/372.jpg
373,user0373,user0373@yahoo.com,hashed_981804,Germany,21,F,Premium,4308,Documentary,2021-01-10 02:21:50,2024-08-18 20:06:15,+23789787994,Banned,https://cdn.cinescope.io/avatars/373.jpg
374,user0374,user0374@outlook.com,hashed_225243,Spain,37,M,Basic,3936,Fantasy,2022-05-24 08:15:12,2023-08-18 05:28:14,+10404626264,Banned,https://cdn.cinescope.io/avatars/374.jpg
375,user0375,user0375@gmail.com,hashed_653519,Japan,71,F,Premium,2246,Adventure,2021-05-01 03:21:28,2024-05-14 12:08:07,+79612811270,Banned,https://cdn.cinescope.io/avatars/375.jpg
376,user0376,user0376@proton.com,hashed_761784,UK,34,Other,Basic,1226,Horror,2020-09-26 13:25:29,2023-10-06 18:38:03,+66811036180,Inactive,https://cdn.cinescope.io/avatars/376.jpg
377,user0377,user0377@yahoo.com,hashed_554510,,33,F,Free,1865,Documentary,2019-08-23 07:35:26,2023-04-20 04:51:12,+92550996820,Banned,https://cdn.cinescope.io/avatars/377.jpg
378,user0378,user0378@proton.com,hashed_543763,Australia,39,M,Premium,3377,Romance,2018-01-08 11:25:23,2024-05-21 17:03:35,+18266575256,Inactive,https://cdn.cinescope.io/avatars/378.jpg
379,user0379,user0379@yahoo.com,hashed_268748,Italy,27,Other,Basic,33,Crime,2021-01-02 23:04:09,2024-07-28 09:54:24,+11858097543,Banned,https://cdn.cinescope.io/avatars/379.jpg
380,user0380,user0380@gmail.com,hashed_694088,,51,M,Basic,3213,Sci-Fi,2023-10-28 10:19:21,2024-12-08 01:03:06,+56181034257,Inactive,https://cdn.cinescope.io/avatars/380.jpg
381,user0381,user0381@proton.com,hashed_862502,Japan,54,Other,Free,34,Crime,2020-03-27 22:08:21,2024-11-27 06:03:31,+52239901092,Active,https://cdn.cinescope.io/avatars/381.jpg
382,user0382,user0382@yahoo.com,hashed_697216,France,41,M,Premium,4359,Crime,2023-07-25 02:55:07,2024-02-07 21:58:16,+51501060136,Active,https://cdn.cinescope.io/avatars/382.jpg
383,user0383,user0383@yahoo.com,hashed_580648,Italy,29,M,Basic,4712,Crime,2020-11-14 10:08:58,2024-11-22 11:03:54,+3537169349,Inactive,https://cdn.cinescope.io/avatars/383.jpg
384,user0384,user0384@yahoo.com,hashed_531226,USA,36,Other,Premium,2886,Thriller,2023-09-18 23:31:21,2024-10-21 17:31:59,+63821459162,Inactive,https://cdn.cinescope.io/avatars/384.jpg
385,user0385,user0385@proton.com,hashed_460988,South Korea,63,Other,Premium,1349,Thriller,2018-02-13 08:46:14,2023-11-08 20:08:38,+24163709818,Inactive,https://cdn.cinescope.io/avatars/385.jpg
386,user0386,user0386@outlook.com,hashed_913386,Brazil,50,Other,Basic,2826,Crime,2021-09-14 15:44:41,2024-12-02 09:54:57,+38790810773,Inactive,https://cdn.cinescope.io/avatars/386.jpg
387,user0387,user0387@outlook.com,hashed_750490,Spain,68,Other,Premium,1729,Crime,2020-02-19 00:26:28,2023-01-02 19:36:28,+82783391188,Banned,https://cdn.cinescope.io/avatars/387.jpg
388,user0388,user0388@hotmail.com,hashed_359659,France,29,M,Free,1054,Documentary,2019-07-12 16:22:38,2024-01-28 05:18:33,+23758857349,Banned,https://cdn.cinescope.io/avatars/388.jpg
389,user0389,invalid-email-no-at,hashed_192897,South Korea,66,Other,Premium,2138,Thriller,2020-11-12 12:22:07,2023-04-10 06:58:16,+83490549496,Inactive,https://cdn.cinescope.io/avatars/389.jpg
390,user0390,user0390@gmail.com,hashed_534534,Australia,73,Other,Free,4840,Sci-Fi,2022-11-10 07:20:59,2024-09-24 20:58:17,abc-def-ghij,Inactive,https://cdn.cinescope.io/avatars/390.jpg
391,user0391,invalid-email-no-at,hashed_229511,UK,17,Other,Free,584,Comedy,2021-05-21 04:06:42,2023-06-09 08:49:31,+61324703259,Banned,https://cdn.cinescope.io/avatars/391.jpg
392,user0392,user0392@proton.com,hashed_611278,USA,14,F,Free,3039,Crime,2023-01-21 12:59:08,2024-11-07 05:28:25,+99598645220,Active,https://cdn.cinescope.io/avatars/392.jpg
393,user0393,user0393@hotmail.com,hashed_260350,USA,44,Other,Premium,430,Horror,2023-08-02 15:32:39,2023-08-20 16:31:31,+98317065135,Banned,https://cdn.cinescope.io/avatars/393.jpg
394,user0394,user0394@hotmail.com,hashed_976402,Germany,64,M,Premium,2462,Sci-Fi,2020-05-04 21:51:37,2023-09-12 14:45:56,+84304882074,Banned,https://cdn.cinescope.io/avatars/394.jpg
395,user0395,user0395@yahoo.com,hashed_205495,Italy,35,M,Basic,4942,Adventure,2022-06-06 15:59:18,2024-09-27 23:31:06,+52968199093,Inactive,https://cdn.cinescope.io/avatars/395.jpg
396,user0396,user0396@hotmail.com,hashed_702021,Germany,55,M,Premium,2447,Animation,2020-07-03 19:53:27,2023-08-13 11:40:03,+25319879459,Active,https://cdn.cinescope.io/avatars/396.jpg
397,user0397,user0397@gmail.com,hashed_544754,Japan,62,Other,Basic,4274,Crime,2021-01-25 00:22:07,2023-06-08 16:57:41,+3943849161,Active,https://cdn.cinescope.io/avatars/397.jpg
398,user0398,user0398@outlook.com,hashed_620032,Italy,26,M,Premium,4557,Animation,2023-10-27 21:10:45,2024-05-22 12:49:11,abc-def-ghij,Active,https://cdn.cinescope.io/avatars/398.jpg
399,user0399,user0399@outlook.com,hashed_180437,Brazil,23,Other,Basic,1690,Documentary,2021-03-28 21:01:28,2024-08-20 06:46:06,+87756079556,Inactive,https://cdn.cinescope.io/avatars/399.jpg
400,user0400,user0400@hotmail.com,hashed_722555,Brazil,55,F,Basic,4707,Crime,2021-03-21 08:42:12,2024-01-19 22:53:09,+78387392922,Inactive,https://cdn.cinescope.io/avatars/400.jpg
401,user0401,user0401@outlook.com,hashed_798103,Australia,34,M,Premium,3642,Action,2020-11-04 17:09:22,2023-11-04 00:12:05,+10480907322,Banned,https://cdn.cinescope.io/avatars/401.jpg
402,user0402,user0402@proton.com,hashed_387193,Japan,36,F,Basic,632,Fantasy,2021-07-24 14:43:24,2023-02-24 10:03:45,+17120338073,Inactive,https://cdn.cinescope.io/avatars/402.jpg
403,user0403,user0403@yahoo.com,hashed_511263,Australia,42,F,Premium,2491,Animation,2020-07-28 20:54:49,2024-06-24 14:56:12,+1925386119,Banned,https://cdn.cinescope.io/avatars/403.jpg
404,user0404,user0404@yahoo.com,hashed_161507,,46,F,Premium,172,Adventure,2019-04-08 01:39:50,2024-07-25 22:11:07,+62615067743,Inactive,https://cdn.cinescope.io/avatars/404.jpg
405,user0405,user0405@outlook.com,hashed_973562,South Korea,66,F,Free,103,Sci-Fi,2019-05-06 17:38:00,2024-12-17 02:40:57,+54999642363,Inactive,https://cdn.cinescope.io/avatars/405.jpg
406,user0406,user0406@yahoo.com,hashed_468697,USA,67,M,Basic,3261,Drama,2021-10-02 07:27:54,2024-01-11 18:03:17,+8717939405,Active,https://cdn.cinescope.io/avatars/406.jpg
407,user0407,user0407@gmail.com,hashed_738353,Italy,19,Other,Premium,2335,Romance,2021-01-19 19:24:43,2023-09-15 08:39:26,+74786964353,Active,https://cdn.cinescope.io/avatars/407.jpg
408,user0408,user0408@yahoo.com,hashed_613894,India,58,F,Basic,4613,Documentary,2022-09-05 08:49:13,2024-06-20 12:33:47,abc-def-ghij,Inactive,https://cdn.cinescope.io/avatars/408.jpg
409,user0409,user0409@proton.com,hashed_296499,Brazil,68,M,Premium,3606,Drama,2020-05-16 10:37:22,2023-02-26 06:54:48,+23579953541,Active,https://cdn.cinescope.io/avatars/409.jpg
410,user0410,user0410@outlook.com,hashed_443439,Italy,59,Other,Free,2269,Action,2022-03-18 05:18:48,2024-05-20 20:53:53,+20880420517,Active,https://cdn.cinescope.io/avatars/410.jpg
411,user0411,user0411@yahoo.com,hashed_802659,Australia,64,M,Premium,866,Sci-Fi,2022-07-21 07:30:34,2023-04-04 20:53:39,+54950539611,Active,https://cdn.cinescope.io/avatars/411.jpg
412,user0412,user0412@hotmail.com,hashed_708399,USA,70,F,Premium,394,Horror,2021-12-10 09:38:16,2023-06-22 17:04:21,+94180059135,Active,https://cdn.cinescope.io/avatars/412.jpg
413,user0413,user0413@proton.com,hashed_692060,France,58,Other,Free,1315,Romance,2022-10-02 00:39:32,2024-11-02 20:27:52,+79373760256,Banned,https://cdn.cinescope.io/avatars/413.jpg
414,user0414,user0414@gmail.com,hashed_769711,Italy,37,M,Free,3906,Animation,2023-03-27 19:17:10,2023-07-28 15:03:35,+38431035358,Active,https://cdn.cinescope.io/avatars/414.jpg
415,user0415,user0415@hotmail.com,hashed_811293,USA,54,F,Basic,4828,Adventure,2020-12-16 05:18:00,2023-04-02 06:05:23,+96470053773,Active,https://cdn.cinescope.io/avatars/415.jpg
416,user0416,user0416@proton.com,hashed_556344,UK,56,F,Premium,2488,Crime,2021-07-09 20:06:39,2024-10-27 11:55:32,+12580309728,Active,https://cdn.cinescope.io/avatars/416.jpg
417,user0417,user0417@yahoo.com,hashed_242905,Italy,29,Other,Free,1187,Animation,2021-12-25 15:03:34,2024-10-10 21:10:27,+10743261233,Banned,https://cdn.cinescope.io/avatars/417.jpg
418,user0418,user0418@yahoo.com,hashed_308149,Brazil,47,M,Free,1974,Documentary,2023-01-04 03:20:41,2024-08-13 19:17:49,+85898366785,Active,https://cdn.cinescope.io/avatars/418.jpg
419,user0419,user0419@hotmail.com,hashed_480111,South Korea,28,M,Free,3854,Sci-Fi,2018-09-25 06:39:31,2023-02-15 10:57:10,+14326260008,Inactive,https://cdn.cinescope.io/avatars/419.jpg
420,user0420,user0420@yahoo.com,hashed_832607,UK,26,Other,Basic,3953,Fantasy,2021-06-14 05:35:00,2024-04-08 11:01:00,+92336615224,Inactive,https://cdn.cinescope.io/avatars/420.jpg
421,user0421,user0421@hotmail.com,hashed_419626,India,70,F,Free,3898,Crime,2022-03-17 12:11:23,2024-09-15 23:11:36,+42928173888,Active,https://cdn.cinescope.io/avatars/421.jpg
422,user0422,invalid-email-no-at,hashed_631250,Spain,37,M,Premium,495,Sci-Fi,2020-09-05 21:08:26,2023-04-23 21:05:26,+55908180376,Inactive,https://cdn.cinescope.io/avatars/422.jpg
423,user0423,user0423@hotmail.com,hashed_766800,Spain,62,M,Basic,781,Horror,2021-08-11 12:54:44,2024-04-24 15:05:15,+9190577803,Inactive,https://cdn.cinescope.io/avatars/423.jpg
424,user0424,user0424@proton.com,hashed_823826,South Korea,24,Other,Premium,4511,Adventure,2018-03-23 04:41:50,2023-11-28 19:24:51,+61108484125,Inactive,https://cdn.cinescope.io/avatars/424.jpg
425,user0425,user0425@outlook.com,hashed_896567,Italy,31,F,Free,1298,Crime,2020-07-05 05:09:00,2023-05-25 13:53:16,+47309651484,Banned,https://cdn.cinescope.io/avatars/425.jpg
426,user0426,user0426@hotmail.com,hashed_227951,Germany,41,M,Premium,3080,Action,2023-07-19 18:51:41,2023-10-20 08:21:04,+17731452848,Active,https://cdn.cinescope.io/avatars/426.jpg
427,user0427,user0427@outlook.com,hashed_247733,France,75,Other,Premium,3094,Action,2020-12-06 15:32:23,2024-02-25 01:15:26,+68314405877,Banned,https://cdn.cinescope.io/avatars/427.jpg
428,user0428,user0428@yahoo.com,hashed_782108,Italy,33,Other,Free,4761,Romance,2022-05-03 04:13:20,2023-09-17 17:39:37,+47504375402,Banned,https://cdn.cinescope.io/avatars/428.jpg
429,user0429,user0429@gmail.com,hashed_502233,USA,18,M,Basic,814,Horror,2022-12-06 06:45:25,2023-04-25 13:32:01,+71652354205,Banned,https://cdn.cinescope.io/avatars/429.jpg
430,user0430,user0430@hotmail.com,hashed_385207,Germany,44,M,Free,1625,Comedy,2021-12-23 15:31:54,2024-04-28 17:50:14,+85642871758,Active,https://cdn.cinescope.io/avatars/430.jpg
431,user0431,user0431@proton.com,hashed_411467,Brazil,62,Other,Basic,4669,Animation,2020-07-17 22:50:16,2023-02-18 03:35:48,+65158864296,Active,https://cdn.cinescope.io/avatars/431.jpg
432,user0432,user0432@gmail.com,hashed_195940,Brazil,70,M,Free,1007,Comedy,2021-06-20 22:28:19,2024-01-07 01:08:43,+96607368884,Active,https://cdn.cinescope.io/avatars/432.jpg
433,user0433,user0433@gmail.com,hashed_117785,Japan,28,M,Basic,2578,Documentary,2022-09-03 02:34:20,2023-01-14 06:01:54,+63666747154,Inactive,https://cdn.cinescope.io/avatars/433.jpg
434,user0434,user0434@gmail.com,hashed_680108,Canada,49,F,Free,793,Action,2018-02-15 19:42:53,2023-06-03 07:25:55,+17586971746,Banned,https://cdn.cinescope.io/avatars/434.jpg
435,user0435,user0435@yahoo.com,hashed_570582,USA,67,Other,Premium,4587,Drama,2022-05-01 02:55:58,2024-07-20 12:05:55,abc-def-ghij,Banned,https://cdn.cinescope.io/avatars/435.jpg
436,user0436,user0436@yahoo.com,hashed_264332,USA,31,F,Free,4680,Documentary,2018-07-24 06:44:43,2024-04-08 06:23:01,+5599745659,Active,https://cdn.cinescope.io/avatars/436.jpg
437,user0437,user0437@outlook.com,hashed_427479,Canada,73,M,Basic,2000,Action,2020-11-03 23:21:06,2023-04-22 04:01:37,+54241784178,Inactive,https://cdn.cinescope.io/avatars/437.jpg
438,user0438,user0438@outlook.com,hashed_407669,USA,18,Other,Free,2768,Fantasy,2023-11-14 13:21:15,2023-10-02 07:50:24,+76996472760,Active,https://cdn.cinescope.io/avatars/438.jpg
439,user0439,user0439@proton.com,hashed_206094,Canada,45,M,Premium,95,Action,2022-05-04 12:09:43,2024-08-12 01:05:45,+47615949249,Inactive,https://cdn.cinescope.io/avatars/439.jpg
440,user0440,user0440@outlook.com,hashed_970702,USA,29,Other,Basic,2955,Documentary,2023-11-24 22:18:24,2024-11-06 01:06:32,+83230220238,Active,https://cdn.cinescope.io/avatars/440.jpg
441,user0441,invalid-email-no-at,hashed_464964,France,48,Other,Free,3325,Adventure,2018-10-04 15:49:22,2023-08-11 03:58:47,abc-def-ghij,Banned,https://cdn.cinescope.io/avatars/441.jpg
442,user0442,user0442@yahoo.com,hashed_394192,Italy,38,Other,Free,1190,Crime,2023-09-21 09:12:46,2024-06-14 17:56:47,+60608052101,Banned,https://cdn.cinescope.io/avatars/442.jpg
443,user0443,user0443@proton.com,hashed_249089,USA,75,Other,Basic,658,Action,2019-07-26 21:21:14,2024-08-13 09:05:16,+82635836949,Inactive,https://cdn.cinescope.io/avatars/443.jpg
444,user0444,user0444@yahoo.com,hashed_710316,Spain,34,M,Free,2429,Sci-Fi,2022-06-12 00:35:03,2023-03-21 19:57:01,+91901237793,Inactive,https://cdn.cinescope.io/avatars/444.jpg
445,user0445,user0445@proton.com,hashed_366628,UK,57,M,Premium,2082,Thriller,2021-11-03 01:50:39,2023-10-17 05:16:20,+61310237971,Active,https://cdn.cinescope.io/avatars/445.jpg
446,user0446,user0446@proton.com,hashed_258197,Germany,41,F,Free,4030,Action,2021-01-06 05:23:10,2024-06-07 21:42:05,+91562359928,Active,https://cdn.cinescope.io/avatars/446.jpg
447,user0447,user0447@hotmail.com,hashed_129533,Canada,72,M,Basic,3030,Horror,2023-01-04 12:15:28,2023-06-25 17:17:35,+58552326145,Active,https://cdn.cinescope.io/avatars/447.jpg
448,user0448,user0448@proton.com,hashed_740659,Brazil,53,M,Free,4449,Comedy,2022-07-21 21:22:27,2023-03-26 01:50:53,+25758810199,Inactive,https://cdn.cinescope.io/avatars/448.jpg
449,user0449,user0449@hotmail.com,hashed_494289,Japan,65,F,Basic,1389,Sci-Fi,2018-09-09 11:03:47,2023-11-28 09:15:50,+93538938369,Banned,https://cdn.cinescope.io/avatars/449.jpg
450,user0450,user0450@proton.com,hashed_707074,UK,20,M,Free,4267,Sci-Fi,2023-06-25 03:16:15,2023-06-22 10:09:00,+46603055650,Active,https://cdn.cinescope.io/avatars/450.jpg
451,user0451,user0451@yahoo.com,hashed_973338,Canada,61,M,Premium,4334,Action,2020-03-17 06:51:38,2023-06-07 00:27:31,+87878465019,Active,https://cdn.cinescope.io/avatars/451.jpg
452,user0452,user0452@gmail.com,hashed_652907,,60,F,Premium,3889,Animation,2021-10-05 22:44:55,2023-10-28 20:07:47,+70341570672,Active,https://cdn.cinescope.io/avatars/452.jpg
453,user0453,invalid-email-no-at,hashed_471191,Spain,71,F,Basic,2272,Action,2021-10-04 09:15:32,2024-07-16 06:35:41,+63209038146,Inactive,https://cdn.cinescope.io/avatars/453.jpg
454,user0454,user0454@yahoo.com,hashed_533220,Spain,33,Other,Basic,1339,Fantasy,2021-03-24 13:14:10,2024-04-06 08:14:31,+89780468650,Active,https://cdn.cinescope.io/avatars/454.jpg
455,user0455,user0455@yahoo.com,hashed_142247,South Korea,61,F,Premium,894,Horror,2018-11-08 09:12:01,2024-07-17 20:54:14,+82761209769,Active,https://cdn.cinescope.io/avatars/455.jpg
456,user0456,user0456@proton.com,hashed_772074,Australia,15,F,Premium,710,Fantasy,2018-08-26 00:10:43,2024-03-28 07:27:47,+57513015063,Active,https://cdn.cinescope.io/avatars/456.jpg
457,user0457,user0457@outlook.com,hashed_170655,Germany,46,F,Free,2353,Drama,2019-06-28 21:30:45,2023-07-24 17:09:26,+85330876877,Active,https://cdn.cinescope.io/avatars/457.jpg
458,user0458,user0458@gmail.com,hashed_126395,Spain,42,Other,Basic,1875,Adventure,2020-05-04 08:52:20,2024-07-28 09:28:57,+37595280960,Active,https://cdn.cinescope.io/avatars/458.jpg
459,user0459,user0459@gmail.com,hashed_524175,Italy,53,Other,Free,113,Documentary,2023-09-20 08:14:35,2023-01-04 09:35:42,+51649600944,Inactive,https://cdn.cinescope.io/avatars/459.jpg
460,user0460,user0460@outlook.com,hashed_644297,India,69,Other,Basic,561,Documentary,2023-10-02 21:08:18,2024-07-26 22:11:35,+14534436899,Banned,https://cdn.cinescope.io/avatars/460.jpg
461,user0461,user0461@yahoo.com,hashed_950946,India,61,F,Free,640,Horror,2022-04-23 02:33:05,2023-08-05 04:37:47,+60320359149,Active,https://cdn.cinescope.io/avatars/461.jpg
462,user0462,user0462@proton.com,hashed_103444,Australia,60,M,Basic,4650,Drama,2023-02-13 09:31:26,2024-10-06 23:30:12,+1428059073,Banned,https://cdn.cinescope.io/avatars/462.jpg
463,user0463,user0463@outlook.com,hashed_598140,Australia,57,M,Premium,3992,Adventure,2022-02-18 02:23:22,2023-11-19 05:23:44,+13318468727,Banned,https://cdn.cinescope.io/avatars/463.jpg
464,user0464,user0464@proton.com,hashed_527912,USA,28,Other,Basic,595,Adventure,2021-09-15 12:00:09,2024-05-20 00:30:10,+23194889418,Inactive,https://cdn.cinescope.io/avatars/464.jpg
465,user0465,user0465@hotmail.com,hashed_716206,France,47,M,Free,4350,Documentary,2023-04-15 19:40:14,2024-11-19 07:48:03,+10104080943,Banned,https://cdn.cinescope.io/avatars/465.jpg
466,user0466,user0466@yahoo.com,hashed_201088,Japan,35,M,Premium,2594,Thriller,2021-10-17 23:09:15,2023-01-15 05:40:19,+24945192871,Banned,https://cdn.cinescope.io/avatars/466.jpg
467,user0467,user0467@outlook.com,hashed_804672,UK,16,Other,Basic,4082,Documentary,2018-02-22 18:17:24,2024-01-03 08:45:04,+87191801845,Active,https://cdn.cinescope.io/avatars/467.jpg
468,user0468,user0468@proton.com,hashed_266158,USA,25,F,Free,2334,Documentary,2021-05-17 10:25:11,2023-08-18 20:35:27,+1374151274,Banned,https://cdn.cinescope.io/avatars/468.jpg
469,user0469,user0469@gmail.com,hashed_581497,Italy,39,M,Premium,2718,Crime,2018-12-08 13:35:36,2023-07-12 15:18:04,+29962197845,Banned,https://cdn.cinescope.io/avatars/469.jpg
470,user0470,user0470@outlook.com,hashed_524323,Brazil,28,F,Premium,3043,Romance,2018-09-09 11:14:21,2024-08-16 22:31:56,+33791936498,Banned,https://cdn.cinescope.io/avatars/470.jpg
471,user0471,user0471@hotmail.com,hashed_345066,Italy,75,Other,Premium,1571,Animation,2020-05-18 18:57:10,2023-10-13 01:18:08,+89754321357,Inactive,https://cdn.cinescope.io/avatars/471.jpg
472,user0472,user0472@hotmail.com,hashed_771541,USA,43,Other,Free,2726,Fantasy,2022-09-03 12:48:06,2023-04-15 23:26:13,+24477320806,Active,https://cdn.cinescope.io/avatars/472.jpg
473,user0473,user0473@proton.com,hashed_861513,USA,44,F,Free,1284,Romance,2022-09-01 16:46:24,2024-06-28 03:00:33,+29995538446,Inactive,https://cdn.cinescope.io/avatars/473.jpg
474,  user0474   ,user0474@gmail.com,hashed_620122,Brazil,26,Other,Free,655,Thriller,2019-10-10 01:10:43,2024-06-19 09:11:22,+76596624861,Active,https://cdn.cinescope.io/avatars/474.jpg
475,user0475,user0475@gmail.com,hashed_597841,Japan,26,Other,Free,4548,Drama,2018-11-22 15:42:47,2023-06-13 01:55:56,+52501021314,Inactive,https://cdn.cinescope.io/avatars/475.jpg
476,user0476,user0476@hotmail.com,hashed_397637,France,38,M,Free,3535,Romance,2018-07-26 21:55:04,2024-04-03 14:24:25,+67869952995,Active,https://cdn.cinescope.io/avatars/476.jpg
477,user0477,user0477@yahoo.com,hashed_718524,France,31,M,Free,3170,Fantasy,2021-06-15 10:54:50,2024-05-13 00:24:35,+89502143432,Active,https://cdn.cinescope.io/avatars/477.jpg
478,user0478,user0478@hotmail.com,hashed_650387,India,53,F,Premium,4823,Romance,2022-07-13 23:03:34,2023-09-15 10:33:35,abc-def-ghij,Active,https://cdn.cinescope.io/avatars/478.jpg
479,user0479,user0479@hotmail.com,hashed_420661,India,34,M,Free,3197,Drama,2022-04-28 14:39:03,2023-03-21 23:57:38,+82121100137,Active,https://cdn.cinescope.io/avatars/479.jpg
480,user0480,user0480@gmail.com,hashed_173563,Australia,63,M,Basic,2650,Sci-Fi,2021-10-20 19:01:58,2023-08-06 10:25:24,+89412694838,Banned,https://cdn.cinescope.io/avatars/480.jpg
481,user0481,user0481@outlook.com,hashed_539455,South Korea,46,M,Basic,603,Crime,2023-06-04 01:18:06,2023-07-16 14:30:24,+32161634032,Inactive,https://cdn.cinescope.io/avatars/481.jpg
482,user0482,user0482@proton.com,hashed_234867,Brazil,30,Other,Basic,3927,Thriller,2021-02-19 13:30:20,2024-08-19 03:51:08,+75804833948,Active,https://cdn.cinescope.io/avatars/482.jpg
483,user0483,user0483@proton.com,hashed_839102,Canada,30,F,Free,4586,Adventure,2022-03-13 18:28:25,2024-02-08 21:24:24,abc-def-ghij,Inactive,https://cdn.cinescope.io/avatars/483.jpg
484,user0484,user0484@hotmail.com,hashed_711449,Italy,13,Other,Basic,4245,Romance,2019-10-03 09:07:34,2023-06-19 01:47:46,+67557879615,Banned,https://cdn.cinescope.io/avatars/484.jpg
485,user0485,user0485@hotmail.com,hashed_392382,UK,41,M,Basic,2458,Horror,2020-12-05 15:35:26,2023-01-20 10:16:29,+88402206547,Banned,https://cdn.cinescope.io/avatars/485.jpg
486,user0486,user0486@yahoo.com,hashed_743451,Germany,72,F,Basic,59,Thriller,2021-09-06 17:56:01,2023-06-14 16:38:38,+36158855082,Banned,https://cdn.cinescope.io/avatars/486.jpg
487,user0487,user0487@gmail.com,hashed_618843,Spain,70,Other,Basic,2934,Action,2018-04-19 20:43:39,2023-10-21 05:20:25,+3701111782,Inactive,https://cdn.cinescope.io/avatars/487.jpg
488,user0488,user0488@proton.com,hashed_949252,Italy,18,F,Basic,549,Documentary,2021-03-14 13:46:28,2024-02-13 07:50:14,+62842613913,Banned,https://cdn.cinescope.io/avatars/488.jpg
489,user0489,user0489@outlook.com,hashed_249331,Brazil,21,F,Premium,4224,Romance,2020-01-20 08:25:25,2024-05-19 15:28:01,+69228183374,Inactive,https://cdn.cinescope.io/avatars/489.jpg
490,user0490,user0490@yahoo.com,hashed_690501,Australia,19,M,Free,3809,Romance,2019-01-18 20:02:54,2023-12-06 16:39:15,+35962065293,Inactive,https://cdn.cinescope.io/avatars/490.jpg
491,user0491,user0491@proton.com,hashed_962787,USA,67,F,Basic,212,Horror,2023-06-13 16:27:39,2024-10-02 01:59:05,+2125305482,Banned,https://cdn.cinescope.io/avatars/491.jpg
492,user0492,user0492@yahoo.com,hashed_945306,,30,M,Basic,3736,Sci-Fi,2022-12-09 22:51:09,2024-07-17 13:54:05,+25196072030,Banned,https://cdn.cinescope.io/avatars/492.jpg
493,user0493,user0493@yahoo.com,hashed_353240,Germany,34,F,Premium,2545,Comedy,2018-02-18 08:16:50,2024-08-13 12:05:26,+94712696888,Banned,https://cdn.cinescope.io/avatars/493.jpg
494,user0494,user0494@yahoo.com,hashed_395008,,17,Other,Basic,516,Crime,2023-08-08 21:11:40,2024-06-27 04:13:16,+92928209154,Banned,https://cdn.cinescope.io/avatars/494.jpg
495,user0495,user0495@outlook.com,hashed_957952,Australia,27,Other,Basic,3369,Animation,2023-03-14 08:19:43,2023-02-28 19:52:48,+47402196857,Banned,https://cdn.cinescope.io/avatars/495.jpg
496,user0496,user0496@proton.com,hashed_320365,South Korea,34,Other,Basic,1475,Sci-Fi,2023-12-27 13:08:53,2024-12-21 00:31:44,+66745979331,Banned,https://cdn.cinescope.io/avatars/496.jpg
497,user0497,user0497@gmail.com,hashed_846172,Spain,67,M,Free,2107,Action,2021-11-09 19:05:32,2024-01-12 22:56:34,+32939849580,Active,https://cdn.cinescope.io/avatars/497.jpg
498,user0498,user0498@hotmail.com,hashed_537956,Brazil,21,M,Basic,189,Crime,2023-11-14 03:06:39,2024-10-15 06:40:28,+45821146470,Active,https://cdn.cinescope.io/avatars/498.jpg
499,user0499,user0499@hotmail.com,hashed_496974,Japan,61,Other,Basic,2223,Comedy,2022-01-23 10:16:43,2023-01-19 05:49:58,+1349145370,Banned,https://cdn.cinescope.io/avatars/499.jpg
500,user0500,user0500@yahoo.com,hashed_354737,USA,34,Other,Free,4766,Action,2018-04-25 08:40:46,2023-03-24 19:10:56,+46151358346,Inactive,https://cdn.cinescope.io/avatars/500.jpg
